{"stats":{"minecraft:crafted":{"minecraft:oak_door":3,"minecraft:oak_planks":1284,"minecraft:stone_shovel":33,"minecraft:crafting_table":7,"minecraft:wooden_pickaxe":1,"minecraft:baked_potato":2,"minecraft:furnace":2,"minecraft:stone":3,"minecraft:stone_axe":6,"minecraft:bread":43,"minecraft:cooked_mutton":6,"minecraft:air":0,"minecraft:oak_boat":1,"minecraft:ladder":6,"minecraft:stick":124,"minecraft:iron_ingot":13,"minecraft:stonecutter":1,"minecraft:iron_pickaxe":4,"minecraft:stone_pickaxe":10,"minecraft:wooden_axe":1,"minecraft:chest":4,"minecraft:torch":96,"minecraft:stone_hoe":1,"minecraft:wheat":63},"minecraft:killed":{"minecraft:spider":2,"minecraft:sheep":5,"minecraft:zombie":7},"minecraft:dropped":{"minecraft:stone_shovel":2,"minecraft:cobblestone":1,"minecraft:white_bed":1,"minecraft:beetroot_seeds":1,"minecraft:leather_leggings":1,"minecraft:string":2,"minecraft:bone":2},"minecraft:custom":{"minecraft:interact_with_furnace":16,"minecraft:mob_kills":15,"minecraft:interact_with_crafting_table":69,"minecraft:interact_with_stonecutter":2,"minecraft:leave_game":9,"minecraft:time_since_death":26298,"minecraft:sleep_in_bed":21,"minecraft:climb_one_cm":10160,"minecraft:time_since_rest":26318,"minecraft:sprint_one_cm":682309,"minecraft:damage_taken":4164,"minecraft:walk_one_cm":1970151,"minecraft:drop":8,"minecraft:damage_dealt":1803,"minecraft:swim_one_cm":55877,"minecraft:talked_to_villager":5,"minecraft:fly_one_cm":1131798,"minecraft:open_chest":32,"minecraft:crouch_one_cm":16680,"minecraft:play_time":424600,"minecraft:deaths":10,"minecraft:sneak_time":4864,"minecraft:walk_under_water_one_cm":17000,"minecraft:boat_one_cm":210119,"minecraft:jump":5118,"minecraft:walk_on_water_one_cm":43405,"minecraft:total_world_time":424600,"minecraft:fall_one_cm":107303},"minecraft:broken":{"minecraft:stone_pickaxe":7,"minecraft:stone_axe":3,"minecraft:iron_pickaxe":4,"minecraft:wooden_axe":1,"minecraft:stone_shovel":30},"minecraft:picked_up":{"minecraft:wooden_axe":5,"minecraft:birch_log":6,"minecraft:wheat":108,"minecraft:crafting_table":1,"minecraft:leather_chestplate":3,"minecraft:azure_bluet":3,"minecraft:ladder":4,"minecraft:andesite":121,"minecraft:leather_leggings":7,"minecraft:wooden_pickaxe":6,"minecraft:potato":11,"minecraft:flint":2,"minecraft:oak_log":619,"minecraft:yellow_bed":5,"minecraft:cobblestone_stairs":75,"minecraft:cornflower":3,"minecraft:dirt":4533,"minecraft:string":4,"minecraft:raw_copper":13,"minecraft:wooden_sword":4,"minecraft:bone":9,"minecraft:beetroot":4,"minecraft:apple":17,"minecraft:wheat_seeds":443,"minecraft:oak_boat":4,"minecraft:iron_pickaxe":1,"minecraft:poppy":3,"minecraft:sugar_cane":16,"minecraft:birch_sapling":3,"minecraft:oak_planks":786,"minecraft:stick":44,"minecraft:raw_iron":13,"minecraft:oak_door":2,"minecraft:torch":37,"minecraft:dandelion":17,"minecraft:poisonous_potato":1,"minecraft:gravel":19,"minecraft:white_bed":1,"minecraft:carrot":12,"minecraft:rotten_flesh":6,"minecraft:stone_shovel":12,"minecraft:arrow":10,"minecraft:stone_axe":5,"minecraft:beetroot_seeds":20,"minecraft:hay_block":7,"minecraft:bread":38,"minecraft:oak_sapling":196,"minecraft:mutton":8,"minecraft:coal":86,"minecraft:white_wool":8,"minecraft:cobblestone":2722,"minecraft:oxeye_daisy":6},"minecraft:killed_by":{"minecraft:skeleton":4,"minecraft:creeper":2,"minecraft:zombie":3},"minecraft:mined":{"minecraft:white_bed":1,"minecraft:oak_sapling":3,"minecraft:cobblestone_stairs":36,"minecraft:dandelion":2,"minecraft:torch":1,"minecraft:ladder":4,"minecraft:grass_block":3617,"minecraft:poppy":1,"minecraft:copper_ore":4,"minecraft:tall_grass":24,"minecraft:cobblestone":63,"minecraft:sugar_cane":9,"minecraft:oak_planks":68,"minecraft:hay_block":10,"minecraft:carrots":4,"minecraft:iron_ore":13,"minecraft:fire":8,"minecraft:wheat":74,"minecraft:andesite":62,"minecraft:yellow_bed":5,"minecraft:grass":353,"minecraft:oak_log":521,"minecraft:potatoes":3,"minecraft:coal_ore":69,"minecraft:beetroots":8,"minecraft:dirt_path":80,"minecraft:gravel":10,"minecraft:dirt":295,"minecraft:stone":1809,"minecraft:oak_leaves":72},"minecraft:used":{"minecraft:beetroot":4,"minecraft:wheat_seeds":178,"minecraft:cooked_mutton":6,"minecraft:cobblestone_stairs":134,"minecraft:leather_leggings":2,"minecraft:ladder":10,"minecraft:stone_shovel":4452,"minecraft:stone_pickaxe":1021,"minecraft:oak_planks":874,"minecraft:baked_potato":2,"minecraft:poppy":1,"minecraft:chest":4,"minecraft:leather_chestplate":2,"minecraft:wooden_pickaxe":47,"minecraft:stonecutter":1,"minecraft:sugar_cane":16,"minecraft:stone_hoe":141,"minecraft:oak_door":1,"minecraft:torch":59,"minecraft:dirt":308,"minecraft:mutton":2,"minecraft:crafting_table":7,"minecraft:carrot":12,"minecraft:oak_log":174,"minecraft:wooden_axe":52,"minecraft:apple":13,"minecraft:bread":26,"minecraft:iron_pickaxe":1000,"minecraft:wooden_sword":4,"minecraft:stone_axe":575,"minecraft:cobblestone":1110,"minecraft:oak_sapling":31,"minecraft:furnace":2,"minecraft:beetroot_seeds":7,"minecraft:andesite":3,"minecraft:yellow_bed":5,"minecraft:oak_boat":3,"minecraft:potato":9}},"DataVersion":3578}