{"stats":{"minecraft:custom":{"minecraft:mob_kills":65,"minecraft:interact_with_crafting_table":69,"minecraft:bell_ring":26,"minecraft:leave_game":34,"minecraft:time_since_death":245954,"minecraft:climb_one_cm":1024,"minecraft:sprint_one_cm":1815326,"minecraft:walk_one_cm":1220902,"minecraft:damage_blocked_by_shield":1250,"minecraft:drop":25,"minecraft:talked_to_villager":33,"minecraft:play_time":411834,"minecraft:deaths":20,"minecraft:sneak_time":16541,"minecraft:walk_under_water_one_cm":59668,"minecraft:boat_one_cm":179075,"minecraft:jump":2947,"minecraft:interact_with_blast_furnace":10,"minecraft:walk_on_water_one_cm":95724,"minecraft:total_world_time":411834,"minecraft:interact_with_furnace":125,"minecraft:interact_with_stonecutter":2,"minecraft:sleep_in_bed":21,"minecraft:time_since_rest":2359,"minecraft:damage_taken":8408,"minecraft:damage_dealt":12295,"minecraft:swim_one_cm":255956,"minecraft:fly_one_cm":650119,"minecraft:open_chest":53,"minecraft:crouch_one_cm":40586,"minecraft:fall_one_cm":82339},"minecraft:crafted":{"minecraft:wooden_sword":1,"minecraft:smooth_stone":114,"minecraft:oak_planks":128,"minecraft:oak_sign":6,"minecraft:iron_nugget":9,"minecraft:furnace":8,"minecraft:blast_furnace":2,"minecraft:stone":202,"minecraft:cooked_mutton":4,"minecraft:glass":64,"minecraft:hopper":3,"minecraft:iron_boots":1,"minecraft:iron_axe":1,"minecraft:chest":10,"minecraft:wheat":189,"minecraft:cooked_beef":3,"minecraft:crafting_table":8,"minecraft:wooden_pickaxe":1,"minecraft:iron_helmet":1,"minecraft:iron_sword":1,"minecraft:bucket":1,"minecraft:birch_planks":12,"minecraft:bread":63,"minecraft:air":0,"minecraft:oak_boat":2,"minecraft:iron_chestplate":1,"minecraft:diamond_pickaxe":1,"minecraft:shield":1,"minecraft:stick":36,"minecraft:iron_ingot":70,"minecraft:iron_pickaxe":2,"minecraft:stone_sword":1,"minecraft:iron_leggings":1,"minecraft:acacia_door":3,"minecraft:iron_shovel":9,"minecraft:gold_ingot":35,"minecraft:black_bed":1,"minecraft:stonecutter":1,"minecraft:white_bed":6,"minecraft:acacia_planks":80,"minecraft:shears":1},"minecraft:killed_by":{"minecraft:creeper":3,"minecraft:skeleton":2,"minecraft:zombie":13},"minecraft:dropped":{"minecraft:wheat_seeds":34,"minecraft:oak_log":32,"minecraft:apple":8,"minecraft:coal":10,"minecraft:dirt":72,"minecraft:cornflower":1,"minecraft:wooden_sword":1,"minecraft:string":2,"minecraft:birch_log":2,"minecraft:birch_sapling":1,"minecraft:carrot":256,"minecraft:diamond_pickaxe":1},"minecraft:broken":{"minecraft:iron_shovel":8,"minecraft:stone_pickaxe":1,"minecraft:iron_pickaxe":1},"minecraft:killed":{"minecraft:spider":4,"minecraft:skeleton":21,"minecraft:drowned":2,"minecraft:zombie_villager":1,"minecraft:bat":1,"minecraft:creeper":3,"minecraft:sheep":3,"minecraft:zombie":26,"minecraft:cow":1},"minecraft:mined":{"minecraft:tuff":20,"minecraft:white_bed":8,"minecraft:deepslate_diamond_ore":54,"minecraft:obsidian":14,"minecraft:grass_block":1201,"minecraft:oak_wall_sign":1,"minecraft:smooth_stone":15,"minecraft:hay_block":19,"minecraft:iron_ore":69,"minecraft:cobbled_deepslate":4,"minecraft:fire":11,"minecraft:deepslate_iron_ore":4,"minecraft:dirt_path":1,"minecraft:stone":317,"minecraft:deepslate_redstone_ore":30,"minecraft:crafting_table":1,"minecraft:torch":2,"minecraft:short_grass":255,"minecraft:chest":1,"minecraft:lightning_rod":4,"minecraft:tall_grass":49,"minecraft:copper_ore":11,"minecraft:cobblestone":42,"minecraft:lapis_ore":7,"minecraft:deepslate_gold_ore":24,"minecraft:sugar_cane":79,"minecraft:oak_planks":4,"minecraft:diorite":13,"minecraft:wall_torch":2,"minecraft:cobblestone_wall":3,"minecraft:birch_log":3,"minecraft:bee_nest":1,"minecraft:yellow_bed":6,"minecraft:oak_log":32,"minecraft:coal_ore":68,"minecraft:acacia_door":2,"minecraft:sand":65,"minecraft:dirt":848,"minecraft:gold_ore":12,"minecraft:oak_leaves":147,"minecraft:deepslate":104},"minecraft:used":{"minecraft:stone_sword":38,"minecraft:iron_shovel":2077,"minecraft:oak_sign":5,"minecraft:chest":12,"minecraft:shield":37,"minecraft:iron_sword":193,"minecraft:iron_chestplate":2,"minecraft:torch":15,"minecraft:dirt":1085,"minecraft:hopper":3,"minecraft:cobblestone_wall":51,"minecraft:glass":32,"minecraft:wooden_axe":1,"minecraft:lava_bucket":1,"minecraft:iron_axe":32,"minecraft:iron_boots":2,"minecraft:hay_block":1,"minecraft:oak_sapling":23,"minecraft:furnace":6,"minecraft:cooked_beef":3,"minecraft:cobbled_deepslate":14,"minecraft:cooked_mutton":4,"minecraft:water_bucket":107,"minecraft:diorite":11,"minecraft:leather_leggings":2,"minecraft:stone_pickaxe":120,"minecraft:oak_planks":6,"minecraft:wooden_pickaxe":10,"minecraft:leather_chestplate":3,"minecraft:stonecutter":1,"minecraft:sugar_cane":135,"minecraft:oak_leaves":13,"minecraft:sand":1,"minecraft:crafting_table":9,"minecraft:blast_furnace":2,"minecraft:white_bed":15,"minecraft:black_bed":1,"minecraft:shears":135,"minecraft:lightning_rod":5,"minecraft:diamond_pickaxe":326,"minecraft:apple":26,"minecraft:acacia_door":2,"minecraft:bread":78,"minecraft:iron_pickaxe":379,"minecraft:lectern":1,"minecraft:leather_helmet":1,"minecraft:wooden_sword":31,"minecraft:cobblestone":51,"minecraft:bucket":109,"minecraft:yellow_bed":6,"minecraft:oak_boat":11,"minecraft:smooth_stone":75},"minecraft:picked_up":{"minecraft:wooden_axe":2,"minecraft:crafting_table":1,"minecraft:iron_chestplate":4,"minecraft:azure_bluet":3,"minecraft:leather_leggings":3,"minecraft:wooden_pickaxe":6,"minecraft:shield":3,"minecraft:cornflower":2,"minecraft:string":12,"minecraft:raw_copper":43,"minecraft:acacia_door":11,"minecraft:wooden_sword":6,"minecraft:oak_sign":1,"minecraft:smooth_stone":12,"minecraft:cobbled_deepslate":106,"minecraft:beef":3,"minecraft:oak_boat":11,"minecraft:iron_pickaxe":3,"minecraft:sugar_cane":135,"minecraft:chest":1,"minecraft:birch_sapling":3,"minecraft:iron_boots":3,"minecraft:stick":34,"minecraft:raw_iron":108,"minecraft:copper_ingot":1,"minecraft:torch":346,"minecraft:lightning_rod":9,"minecraft:diorite":45,"minecraft:redstone":135,"minecraft:rotten_flesh":75,"minecraft:stone_shovel":3,"minecraft:stone_sword":2,"minecraft:arrow":34,"minecraft:hay_block":22,"minecraft:obsidian":14,"minecraft:mutton":20,"minecraft:cobblestone":2885,"minecraft:white_wool":37,"minecraft:oxeye_daisy":7,"minecraft:birch_log":9,"minecraft:leather_chestplate":5,"minecraft:water_bucket":4,"minecraft:leather":6,"minecraft:birch_planks":1,"minecraft:tuff":21,"minecraft:oak_log":104,"minecraft:cobblestone_wall":2,"minecraft:yellow_bed":6,"minecraft:gunpowder":3,"minecraft:lapis_lazuli":81,"minecraft:dirt":2974,"minecraft:leather_boots":2,"minecraft:cooked_mutton":4,"minecraft:bone":33,"minecraft:acacia_planks":162,"minecraft:apple":17,"minecraft:bow":2,"minecraft:wheat_seeds":164,"minecraft:iron_ingot":1,"minecraft:raw_gold":38,"minecraft:stone_pickaxe":4,"minecraft:iron_sword":3,"minecraft:oak_planks":18,"minecraft:dandelion":12,"minecraft:sand":65,"minecraft:white_bed":9,"minecraft:spider_eye":5,"minecraft:diamond":54,"minecraft:bread":138,"minecraft:oak_sapling":76,"minecraft:black_wool":8,"minecraft:coal":78,"minecraft:oak_leaves":135,"minecraft:ender_pearl":1,"minecraft:diamond_pickaxe":1}},"DataVersion":3953}