{"stats":{"minecraft:picked_up":{"minecraft:wooden_axe":2,"minecraft:iron_chestplate":4,"minecraft:crafting_table":3,"minecraft:wheat":99,"minecraft:azure_bluet":3,"minecraft:leather_leggings":3,"minecraft:wooden_pickaxe":6,"minecraft:gold_block":16,"minecraft:potion":1,"minecraft:gilded_blackstone":1,"minecraft:nether_brick":3,"minecraft:shield":3,"minecraft:cornflower":2,"minecraft:string":17,"minecraft:raw_copper":43,"minecraft:acacia_door":11,"minecraft:wooden_sword":6,"minecraft:blackstone":53,"minecraft:oak_sign":1,"minecraft:cobbled_deepslate":106,"minecraft:gold_nugget":327,"minecraft:smooth_stone":15,"minecraft:beef":3,"minecraft:oak_boat":12,"minecraft:iron_nugget":30,"minecraft:iron_pickaxe":3,"minecraft:sugar_cane":600,"minecraft:chest":1,"minecraft:birch_sapling":3,"minecraft:iron_boots":3,"minecraft:stick":34,"minecraft:raw_iron":108,"minecraft:copper_ingot":1,"minecraft:torch":346,"minecraft:fire_charge":1,"minecraft:porkchop":13,"minecraft:polished_blackstone_bricks":41,"minecraft:lightning_rod":9,"minecraft:diorite":45,"minecraft:redstone":142,"minecraft:stone_sword":2,"minecraft:arrow":44,"minecraft:stone_shovel":3,"minecraft:rotten_flesh":81,"minecraft:hay_block":22,"minecraft:gold_ingot":4,"minecraft:obsidian":14,"minecraft:mutton":20,"minecraft:white_wool":37,"minecraft:cobblestone":2887,"minecraft:oxeye_daisy":7,"minecraft:birch_log":9,"minecraft:leather_chestplate":5,"minecraft:basalt":1,"minecraft:crimson_stem":1,"minecraft:water_bucket":4,"minecraft:leather":10,"minecraft:potato":21,"minecraft:birch_planks":1,"minecraft:flint":2,"minecraft:tuff":21,"minecraft:oak_log":104,"minecraft:cobblestone_wall":3,"minecraft:yellow_bed":6,"minecraft:gunpowder":7,"minecraft:lapis_lazuli":81,"minecraft:dirt":3019,"minecraft:cooked_mutton":4,"minecraft:leather_boots":2,"minecraft:bone":47,"minecraft:acacia_planks":162,"minecraft:apple":17,"minecraft:bow":2,"minecraft:wheat_seeds":425,"minecraft:raw_gold":38,"minecraft:iron_ingot":1,"minecraft:stone_pickaxe":4,"minecraft:glowstone_dust":165,"minecraft:iron_sword":4,"minecraft:oak_planks":18,"minecraft:soul_sand":6,"minecraft:warped_fungus":8,"minecraft:quartz":92,"minecraft:dandelion":14,"minecraft:gravel":38,"minecraft:sand":65,"minecraft:white_bed":9,"minecraft:crying_obsidian":4,"minecraft:spectral_arrow":20,"minecraft:spider_eye":7,"minecraft:diamond":54,"minecraft:cracked_polished_blackstone_bricks":18,"minecraft:bread":138,"minecraft:oak_sapling":76,"minecraft:netherrack":410,"minecraft:black_wool":8,"minecraft:smooth_quartz_slab":1,"minecraft:coal":78,"minecraft:oak_leaves":135,"minecraft:crimson_roots":3,"minecraft:diamond_pickaxe":1,"minecraft:ender_pearl":2},"minecraft:killed":{"minecraft:witch":1,"minecraft:spider":6,"minecraft:skeleton":24,"minecraft:drowned":2,"minecraft:piglin_brute":4,"minecraft:piglin":3,"minecraft:zombie_villager":1,"minecraft:bat":1,"minecraft:hoglin":6,"minecraft:creeper":5,"minecraft:sheep":3,"minecraft:zombie":29,"minecraft:ghast":1,"minecraft:cow":1,"minecraft:enderman":2},"minecraft:killed_by":{"minecraft:creeper":3,"minecraft:skeleton":2,"minecraft:zombie":13},"minecraft:broken":{"minecraft:iron_shovel":8,"minecraft:stone_pickaxe":1,"minecraft:iron_pickaxe":1},"minecraft:dropped":{"minecraft:iron_sword":1,"minecraft:wheat_seeds":35,"minecraft:oak_log":32,"minecraft:apple":8,"minecraft:coal":10,"minecraft:dirt":72,"minecraft:cornflower":1,"minecraft:crimson_roots":3,"minecraft:wooden_sword":1,"minecraft:string":2,"minecraft:birch_log":2,"minecraft:gold_ingot":21,"minecraft:birch_sapling":1,"minecraft:carrot":320,"minecraft:diamond_pickaxe":1,"minecraft:basalt":1},"minecraft:crafted":{"minecraft:wooden_sword":1,"minecraft:smooth_stone":154,"minecraft:oak_planks":128,"minecraft:oak_sign":6,"minecraft:iron_nugget":9,"minecraft:furnace":8,"minecraft:blast_furnace":2,"minecraft:stone":202,"minecraft:bookshelf":1,"minecraft:cooked_mutton":4,"minecraft:flint_and_steel":1,"minecraft:glass":64,"minecraft:hopper":3,"minecraft:iron_boots":1,"minecraft:iron_axe":1,"minecraft:chest":10,"minecraft:golden_boots":1,"minecraft:wheat":189,"minecraft:cooked_beef":3,"minecraft:crimson_planks":4,"minecraft:emerald":48,"minecraft:crafting_table":9,"minecraft:wooden_pickaxe":1,"minecraft:iron_helmet":1,"minecraft:iron_sword":1,"minecraft:cooked_salmon":10,"minecraft:bucket":1,"minecraft:birch_planks":12,"minecraft:glowstone":32,"minecraft:air":0,"minecraft:bread":96,"minecraft:oak_boat":2,"minecraft:iron_chestplate":1,"minecraft:paper":276,"minecraft:diamond_pickaxe":1,"minecraft:shield":1,"minecraft:stick":36,"minecraft:iron_ingot":91,"minecraft:iron_pickaxe":2,"minecraft:stone_sword":1,"minecraft:iron_leggings":1,"minecraft:iron_shovel":9,"minecraft:acacia_door":3,"minecraft:gold_ingot":71,"minecraft:black_bed":1,"minecraft:stonecutter":1,"minecraft:white_bed":6,"minecraft:acacia_planks":80,"minecraft:shears":1},"minecraft:mined":{"minecraft:nether_gold_ore":77,"minecraft:tuff":20,"minecraft:white_bed":8,"minecraft:deepslate_diamond_ore":54,"minecraft:obsidian":14,"minecraft:grass_block":1201,"minecraft:crimson_roots":4,"minecraft:cracked_polished_blackstone_bricks":20,"minecraft:oak_wall_sign":1,"minecraft:crimson_stem":1,"minecraft:gilded_blackstone":2,"minecraft:hay_block":19,"minecraft:smooth_stone":17,"minecraft:polished_blackstone_bricks":41,"minecraft:weeping_vines_plant":1,"minecraft:glowstone":60,"minecraft:iron_ore":69,"minecraft:fire":28,"minecraft:cobbled_deepslate":4,"minecraft:gold_block":16,"minecraft:potatoes":7,"minecraft:dirt_path":1,"minecraft:deepslate_iron_ore":4,"minecraft:stone":319,"minecraft:deepslate_redstone_ore":30,"minecraft:blackstone":18,"minecraft:crimson_nylium":7,"minecraft:basalt":1,"minecraft:dandelion":2,"minecraft:crafting_table":3,"minecraft:torch":2,"minecraft:short_grass":268,"minecraft:chest":1,"minecraft:nether_quartz_ore":86,"minecraft:copper_ore":11,"minecraft:tall_grass":57,"minecraft:lightning_rod":4,"minecraft:smooth_quartz_slab":1,"minecraft:cobblestone":42,"minecraft:oak_planks":4,"minecraft:deepslate_gold_ore":24,"minecraft:lapis_ore":7,"minecraft:sugar_cane":412,"minecraft:wall_torch":2,"minecraft:diorite":13,"minecraft:cobblestone_wall":4,"minecraft:birch_log":3,"minecraft:wheat":100,"minecraft:warped_fungus":8,"minecraft:bee_nest":1,"minecraft:yellow_bed":6,"minecraft:coal_ore":68,"minecraft:oak_log":32,"minecraft:gravel":7,"minecraft:sand":65,"minecraft:acacia_door":2,"minecraft:dirt":864,"minecraft:netherrack":454,"minecraft:gold_ore":12,"minecraft:deepslate":104,"minecraft:oak_leaves":147},"minecraft:custom":{"minecraft:mob_kills":93,"minecraft:animals_bred":2,"minecraft:inspect_hopper":1,"minecraft:interact_with_crafting_table":80,"minecraft:bell_ring":26,"minecraft:leave_game":38,"minecraft:time_since_death":386491,"minecraft:climb_one_cm":1024,"minecraft:sprint_one_cm":2487813,"minecraft:walk_one_cm":1775565,"minecraft:damage_blocked_by_shield":2080,"minecraft:drop":52,"minecraft:talked_to_villager":46,"minecraft:play_time":552371,"minecraft:sneak_time":30243,"minecraft:deaths":20,"minecraft:walk_under_water_one_cm":89113,"minecraft:boat_one_cm":179075,"minecraft:jump":2947,"minecraft:interact_with_blast_furnace":12,"minecraft:walk_on_water_one_cm":116770,"minecraft:total_world_time":552371,"minecraft:interact_with_furnace":144,"minecraft:traded_with_villager":49,"minecraft:interact_with_stonecutter":2,"minecraft:sleep_in_bed":30,"minecraft:time_since_rest":69973,"minecraft:damage_taken":9505,"minecraft:damage_dealt":20331,"minecraft:swim_one_cm":297734,"minecraft:fly_one_cm":653705,"minecraft:open_chest":101,"minecraft:crouch_one_cm":89343,"minecraft:fall_one_cm":82339},"minecraft:used":{"minecraft:stone_sword":38,"minecraft:iron_shovel":2083,"minecraft:smooth_quartz_slab":1,"minecraft:flint_and_steel":5,"minecraft:tropical_fish":12,"minecraft:oak_sign":5,"minecraft:chest":12,"minecraft:shield":61,"minecraft:iron_sword":348,"minecraft:cooked_salmon":10,"minecraft:netherrack":416,"minecraft:iron_chestplate":2,"minecraft:soul_sand":6,"minecraft:torch":15,"minecraft:dirt":1173,"minecraft:hopper":3,"minecraft:cobblestone_wall":52,"minecraft:obsidian":14,"minecraft:glass":32,"minecraft:wooden_axe":1,"minecraft:lava_bucket":1,"minecraft:iron_axe":37,"minecraft:iron_boots":2,"minecraft:warped_fungus":7,"minecraft:hay_block":1,"minecraft:oak_sapling":23,"minecraft:furnace":6,"minecraft:potato":7,"minecraft:cooked_beef":3,"minecraft:cobbled_deepslate":14,"minecraft:golden_boots":1,"minecraft:wheat_seeds":101,"minecraft:cooked_mutton":4,"minecraft:water_bucket":110,"minecraft:diorite":11,"minecraft:leather_leggings":2,"minecraft:stone_pickaxe":120,"minecraft:oak_planks":6,"minecraft:wooden_pickaxe":10,"minecraft:leather_chestplate":3,"minecraft:sugar_cane":338,"minecraft:stonecutter":1,"minecraft:oak_leaves":13,"minecraft:polished_blackstone_bricks":12,"minecraft:gilded_blackstone":1,"minecraft:sand":1,"minecraft:blast_furnace":2,"minecraft:crafting_table":12,"minecraft:white_bed":15,"minecraft:black_bed":1,"minecraft:shears":135,"minecraft:lightning_rod":5,"minecraft:diamond_pickaxe":1064,"minecraft:apple":26,"minecraft:acacia_door":2,"minecraft:iron_pickaxe":384,"minecraft:bread":99,"minecraft:lectern":1,"minecraft:leather_helmet":1,"minecraft:gravel":2,"minecraft:wooden_sword":31,"minecraft:cobblestone":51,"minecraft:bucket":112,"minecraft:yellow_bed":6,"minecraft:dandelion":2,"minecraft:oak_boat":11,"minecraft:smooth_stone":78}},"DataVersion":3953}