{"stats":{"minecraft:custom":{"minecraft:animals_bred":5,"minecraft:interact_with_crafting_table":108,"minecraft:open_barrel":1,"minecraft:open_shulker_box":83,"minecraft:bell_ring":26,"minecraft:leave_game":104,"minecraft:time_since_death":87690,"minecraft:sprint_one_cm":6963395,"minecraft:damage_blocked_by_shield":14750,"minecraft:drop":152,"minecraft:talked_to_villager":153,"minecraft:play_time":1685471,"minecraft:deaths":36,"minecraft:jump":3023,"minecraft:interact_with_brewingstand":4,"minecraft:walk_on_water_one_cm":171261,"minecraft:interact_with_furnace":155,"minecraft:traded_with_villager":401,"minecraft:sleep_in_bed":55,"minecraft:open_enderchest":28,"minecraft:damage_dealt":95295,"minecraft:player_kills":1,"minecraft:crouch_one_cm":309294,"minecraft:inspect_dispenser":14,"minecraft:interact_with_smithing_table":4,"minecraft:interact_with_anvil":21,"minecraft:mob_kills":493,"minecraft:inspect_hopper":8,"minecraft:climb_one_cm":34176,"minecraft:walk_one_cm":5485755,"minecraft:strider_one_cm":131439,"minecraft:sneak_time":93834,"minecraft:walk_under_water_one_cm":164391,"minecraft:boat_one_cm":180141,"minecraft:interact_with_blast_furnace":23,"minecraft:total_world_time":1685471,"minecraft:tune_noteblock":7,"minecraft:interact_with_stonecutter":3,"minecraft:time_since_rest":52238,"minecraft:damage_taken":25863,"minecraft:swim_one_cm":547192,"minecraft:fly_one_cm":699232,"minecraft:open_chest":682,"minecraft:aviate_one_cm":1595229,"minecraft:fall_one_cm":87577},"minecraft:crafted":{"minecraft:ender_chest":1,"minecraft:oak_planks":148,"minecraft:smooth_stone":154,"minecraft:oak_sign":6,"minecraft:blaze_powder":14,"minecraft:stone":202,"minecraft:bookshelf":1,"minecraft:cooked_mutton":4,"minecraft:glass":68,"minecraft:hopper":3,"minecraft:iron_boots":3,"minecraft:netherite_boots":1,"minecraft:chest":10,"minecraft:netherite_helmet":1,"minecraft:netherite_upgrade_smithing_template":32,"minecraft:stone_hoe":12,"minecraft:ender_eye":14,"minecraft:golden_boots":1,"minecraft:emerald":355,"minecraft:crafting_table":10,"minecraft:wooden_pickaxe":1,"minecraft:iron_helmet":3,"minecraft:smithing_table":1,"minecraft:birch_planks":12,"minecraft:iron_chestplate":3,"minecraft:paper":468,"minecraft:diamond_pickaxe":1,"minecraft:shield":1,"minecraft:stick":36,"minecraft:iron_ingot":91,"minecraft:iron_pickaxe":2,"minecraft:iron_block":3,"minecraft:stone_sword":1,"minecraft:acacia_door":3,"minecraft:gold_ingot":77,"minecraft:black_bed":1,"minecraft:netherite_ingot":6,"minecraft:shears":1,"minecraft:wooden_sword":1,"minecraft:oak_door":3,"minecraft:netherite_sword":1,"minecraft:iron_nugget":9,"minecraft:furnace":8,"minecraft:blast_furnace":2,"minecraft:bone_meal":45,"minecraft:flint_and_steel":1,"minecraft:netherite_chestplate":1,"minecraft:lantern":2,"minecraft:netherite_leggings":1,"minecraft:iron_axe":1,"minecraft:netherite_scrap":24,"minecraft:wheat":189,"minecraft:cooked_beef":3,"minecraft:crimson_planks":4,"minecraft:iron_sword":1,"minecraft:bell":18,"minecraft:cooked_salmon":10,"minecraft:bucket":2,"minecraft:glowstone":32,"minecraft:enchanted_book":12,"minecraft:bread":104,"minecraft:air":0,"minecraft:oak_boat":2,"minecraft:iron_shovel":9,"minecraft:iron_leggings":3,"minecraft:stonecutter":1,"minecraft:anvil":1,"minecraft:white_bed":6,"minecraft:acacia_planks":80},"minecraft:killed_by":{"minecraft:piglin_brute":1,"minecraft:creeper":3,"minecraft:zombie":13,"minecraft:stray":6,"minecraft:spider":1,"minecraft:enderman":1,"minecraft:skeleton":2},"minecraft:dropped":{"minecraft:crimson_stem":3,"minecraft:iron_sword":2,"minecraft:porkchop":1,"minecraft:warped_fungus":1,"minecraft:oak_log":32,"minecraft:glass_bottle":1,"minecraft:crossbow":1,"minecraft:warped_roots":1,"minecraft:flint":5,"minecraft:dirt":72,"minecraft:cornflower":1,"minecraft:crimson_roots":18,"minecraft:wooden_sword":1,"minecraft:birch_log":2,"minecraft:gold_ingot":42,"minecraft:golden_chestplate":1,"minecraft:birch_sapling":1,"minecraft:carrot":719,"minecraft:ladder":1,"minecraft:basalt":1,"minecraft:netherrack":264,"minecraft:wheat_seeds":37,"minecraft:tnt":2,"minecraft:book":32,"minecraft:apple":8,"minecraft:coal":10,"minecraft:stick":1,"minecraft:ink_sac":592,"minecraft:paper":832,"minecraft:string":2,"minecraft:stone_sword":1,"minecraft:smooth_stone_slab":1,"minecraft:diamond_pickaxe":1,"minecraft:golden_sword":1},"minecraft:broken":{"minecraft:golden_helmet":1,"minecraft:iron_shovel":8,"minecraft:golden_boots":2,"minecraft:iron_boots":1,"minecraft:iron_chestplate":1,"minecraft:iron_leggings":3,"minecraft:stone_pickaxe":1,"minecraft:diamond_pickaxe":1,"minecraft:shield":4,"minecraft:iron_pickaxe":1,"minecraft:iron_helmet":2},"minecraft:killed":{"minecraft:zombified_piglin":1,"minecraft:witch":1,"minecraft:spider":30,"minecraft:shulker":95,"minecraft:skeleton":33,"minecraft:silverfish":2,"minecraft:piglin_brute":8,"minecraft:magma_cube":5,"minecraft:piglin":45,"minecraft:zombie_villager":2,"minecraft:creeper":7,"minecraft:sheep":3,"minecraft:zombie":35,"minecraft:stray":26,"minecraft:ghast":2,"minecraft:cow":1,"minecraft:blaze":112,"minecraft:endermite":1,"minecraft:drowned":2,"minecraft:bat":1,"minecraft:hoglin":16,"minecraft:breeze":3,"minecraft:wither_skeleton":12,"minecraft:enderman":14},"minecraft:mined":{"minecraft:dragon_wall_head":3,"minecraft:white_bed":8,"minecraft:brewing_stand":4,"minecraft:obsidian":14,"minecraft:granite":23,"minecraft:grass_block":1203,"minecraft:cracked_polished_blackstone_bricks":22,"minecraft:oak_wall_sign":1,"minecraft:nether_wart":21,"minecraft:gilded_blackstone":2,"minecraft:spawner":1,"minecraft:smooth_stone":17,"minecraft:polished_blackstone_bricks":57,"minecraft:weeping_vines_plant":1,"minecraft:glowstone":60,"minecraft:iron_ore":69,"minecraft:cobbled_deepslate":4,"minecraft:fire":66,"minecraft:dirt_path":1,"minecraft:deepslate_redstone_ore":30,"minecraft:blackstone":48,"minecraft:crimson_nylium":37,"minecraft:purpur_stairs":3,"minecraft:torch":10,"minecraft:chest":1,"minecraft:smooth_quartz_slab":1,"minecraft:nether_quartz_ore":125,"minecraft:cobblestone":46,"minecraft:sugar_cane":570,"minecraft:oak_planks":4,"minecraft:iron_door":2,"minecraft:wall_torch":5,"minecraft:warped_nylium":16,"minecraft:birch_log":3,"minecraft:wheat":124,"minecraft:tnt":5,"minecraft:warped_fungus":40,"minecraft:purpur_block":1,"minecraft:oak_log":37,"minecraft:sand":78,"minecraft:dirt":873,"minecraft:netherrack":3825,"minecraft:ancient_debris":24,"minecraft:oak_leaves":147,"minecraft:deepslate":104,"minecraft:nether_gold_ore":92,"minecraft:tuff":20,"minecraft:deepslate_diamond_ore":54,"minecraft:shulker_box":13,"minecraft:end_stone":96,"minecraft:glow_lichen":1,"minecraft:nether_bricks":2,"minecraft:crimson_roots":19,"minecraft:crimson_stem":4,"minecraft:hay_block":19,"minecraft:waxed_copper_grate":1,"minecraft:polished_basalt":1,"minecraft:gold_block":39,"minecraft:potatoes":7,"minecraft:deepslate_iron_ore":4,"minecraft:chorus_plant":1,"minecraft:stone":412,"minecraft:soul_sand":11,"minecraft:infested_stone_bricks":1,"minecraft:basalt":9,"minecraft:dandelion":2,"minecraft:crafting_table":3,"minecraft:short_grass":283,"minecraft:warped_roots":4,"minecraft:lightning_rod":4,"minecraft:tall_grass":59,"minecraft:copper_ore":12,"minecraft:lapis_ore":7,"minecraft:deepslate_gold_ore":24,"minecraft:diorite":18,"minecraft:cobblestone_wall":4,"minecraft:bee_nest":1,"minecraft:yellow_bed":6,"minecraft:coal_ore":68,"minecraft:gravel":21,"minecraft:acacia_door":2,"minecraft:cobweb":3,"minecraft:cracked_stone_bricks":1,"minecraft:stone_bricks":5,"minecraft:mossy_stone_bricks":3,"minecraft:chipped_anvil":1,"minecraft:gold_ore":12},"minecraft:used":{"minecraft:nether_brick_fence":109,"minecraft:iron_shovel":2083,"minecraft:oak_sign":6,"minecraft:dispenser":1,"minecraft:smooth_quartz_slab":1,"minecraft:elytra":10,"minecraft:dead_tube_coral_fan":3,"minecraft:ladder":11,"minecraft:shield":351,"minecraft:chest":117,"minecraft:stone":752,"minecraft:iron_sword":1730,"minecraft:zombie_spawn_egg":3,"minecraft:iron_chestplate":4,"minecraft:soul_sand":15,"minecraft:waxed_copper_grate":1,"minecraft:obsidian":93,"minecraft:glass":114,"minecraft:lava_bucket":83,"minecraft:villager_spawn_egg":9,"minecraft:grass_block":338,"minecraft:crimson_roots":1,"minecraft:stone_bricks":1,"minecraft:repeater":38,"minecraft:magma_block":4,"minecraft:warped_fungus":7,"minecraft:hay_block":1,"minecraft:oak_sapling":23,"minecraft:furnace":6,"minecraft:potato":7,"minecraft:fire_coral_fan":9,"minecraft:dead_brain_coral_fan":6,"minecraft:lime_glazed_terracotta":1,"minecraft:golden_boots":2,"minecraft:diorite":11,"minecraft:diamond_boots":1,"minecraft:leather_leggings":2,"minecraft:chorus_fruit":1,"minecraft:stone_pickaxe":120,"minecraft:oak_planks":9,"minecraft:blackstone":9,"minecraft:ender_pearl":38,"minecraft:leather_chestplate":3,"minecraft:wooden_pickaxe":10,"minecraft:sugar_cane":344,"minecraft:oak_leaves":200,"minecraft:purpur_stairs":3,"minecraft:sand":5,"minecraft:blast_furnace":5,"minecraft:crossbow":21,"minecraft:black_bed":1,"minecraft:note_block":28,"minecraft:end_stone":72,"minecraft:shears":135,"minecraft:lightning_rod":5,"minecraft:redstone_torch":1,"minecraft:sticky_piston":13,"minecraft:lever":11,"minecraft:firework_rocket":61,"minecraft:acacia_door":2,"minecraft:stone_button":4,"minecraft:string":7,"minecraft:bread":357,"minecraft:warped_slab":107,"minecraft:lectern":1,"minecraft:gravel":9,"minecraft:golden_helmet":1,"minecraft:wooden_sword":31,"minecraft:smithing_table":4,"minecraft:smooth_stone_slab":134,"minecraft:ice":1,"minecraft:oak_boat":15,"minecraft:bone_meal":45,"minecraft:oak_trapdoor":21,"minecraft:purpur_block":1,"minecraft:netherite_sword":86,"minecraft:stone_sword":135,"minecraft:flint_and_steel":33,"minecraft:tropical_fish":12,"minecraft:redstone":27,"minecraft:ender_chest":2,"minecraft:cooked_salmon":10,"minecraft:trial_key":10,"minecraft:netherrack":2225,"minecraft:oak_door":9,"minecraft:torch":461,"minecraft:dirt":1780,"minecraft:anvil":6,"minecraft:hopper":35,"minecraft:cobblestone_wall":55,"minecraft:diamond_helmet":1,"minecraft:stone_stairs":21,"minecraft:dead_tube_coral":2,"minecraft:shulker_box":13,"minecraft:granite":24,"minecraft:oak_fence_gate":1,"minecraft:wooden_axe":1,"minecraft:iron_axe":42,"minecraft:slime_block":75,"minecraft:warped_fence":4,"minecraft:iron_boots":2,"minecraft:diamond_chestplate":20,"minecraft:tripwire_hook":4,"minecraft:basalt":8,"minecraft:netherite_pickaxe":1227,"minecraft:minecart":5,"minecraft:cooked_beef":3,"minecraft:cobbled_deepslate":14,"minecraft:observer":102,"minecraft:iron_leggings":1,"minecraft:wheat_seeds":125,"minecraft:cooked_mutton":4,"minecraft:water_bucket":290,"minecraft:lead":2,"minecraft:stonecutter":1,"minecraft:warped_roots":3,"minecraft:polished_blackstone_bricks":28,"minecraft:gilded_blackstone":1,"minecraft:tnt":212,"minecraft:crafting_table":14,"minecraft:white_bed":15,"minecraft:fire_coral":1,"minecraft:oak_log":1,"minecraft:piston":21,"minecraft:ender_eye":19,"minecraft:diamond_pickaxe":3682,"minecraft:apple":26,"minecraft:warped_trapdoor":7,"minecraft:cracked_polished_blackstone_bricks":6,"minecraft:oak_button":2,"minecraft:iron_pickaxe":384,"minecraft:detector_rail":6,"minecraft:leather_helmet":1,"minecraft:cobblestone":2524,"minecraft:potion":1,"minecraft:cooked_porkchop":17,"minecraft:warped_fence_gate":1,"minecraft:bucket":119,"minecraft:yellow_bed":8,"minecraft:dandelion":2,"minecraft:diamond_leggings":2,"minecraft:smooth_stone":349},"minecraft:picked_up":{"minecraft:iron_chestplate":4,"minecraft:wheat":123,"minecraft:diamond_sword":3,"minecraft:potion":5,"minecraft:enchanted_book":1,"minecraft:nether_brick":15,"minecraft:gilded_blackstone":1,"minecraft:brewing_stand":4,"minecraft:golden_sword":1,"minecraft:string":48,"minecraft:raw_copper":45,"minecraft:smooth_stone_slab":1,"minecraft:oak_sign":1,"minecraft:diamond_leggings":4,"minecraft:cobbled_deepslate":106,"minecraft:gold_nugget":400,"minecraft:smooth_stone":24,"minecraft:trial_key":4,"minecraft:redstone_torch":1,"minecraft:ender_eye":6,"minecraft:iron_pickaxe":3,"minecraft:iron_boots":3,"minecraft:tipped_arrow":31,"minecraft:stick":35,"minecraft:torch":381,"minecraft:porkchop":17,"minecraft:lightning_rod":9,"minecraft:waxed_copper_grate":1,"minecraft:diorite":50,"minecraft:golden_chestplate":1,"minecraft:stone_sword":4,"minecraft:honey_bottle":6,"minecraft:rotten_flesh":103,"minecraft:blaze_rod":28,"minecraft:obsidian":15,"minecraft:cobblestone":3835,"minecraft:birch_log":9,"minecraft:leather_chestplate":5,"minecraft:repeater":10,"minecraft:iron_door":2,"minecraft:water_bucket":4,"minecraft:potato":21,"minecraft:flint":8,"minecraft:tuff":21,"minecraft:lapis_lazuli":81,"minecraft:dirt":3237,"minecraft:leather_boots":2,"minecraft:bone":103,"minecraft:chipped_anvil":1,"minecraft:acacia_planks":162,"minecraft:bow":5,"minecraft:wheat_seeds":510,"minecraft:raw_gold":38,"minecraft:bolt_armor_trim_smithing_template":1,"minecraft:glowstone_dust":169,"minecraft:mossy_stone_bricks":3,"minecraft:diamond_helmet":2,"minecraft:oak_planks":18,"minecraft:lime_glazed_terracotta":1,"minecraft:cooked_porkchop":23,"minecraft:sand":88,"minecraft:warped_fence_gate":1,"minecraft:spectral_arrow":38,"minecraft:shulker_box":13,"minecraft:diamond":54,"minecraft:slime_block":5,"minecraft:lever":2,"minecraft:cracked_polished_blackstone_bricks":19,"minecraft:granite":23,"minecraft:crossbow":3,"minecraft:breeze_rod":4,"minecraft:music_disc_precipice":1,"minecraft:emerald":8,"minecraft:bread":146,"minecraft:oak_sapling":76,"minecraft:netherrack":4547,"minecraft:chorus_fruit":10,"minecraft:oak_leaves":135,"minecraft:crimson_roots":20,"minecraft:diamond_pickaxe":1,"minecraft:crafting_table":3,"minecraft:azure_bluet":4,"minecraft:ominous_bottle":2,"minecraft:nether_wart":22,"minecraft:ladder":4,"minecraft:leather_leggings":3,"minecraft:wooden_pickaxe":6,"minecraft:gold_block":39,"minecraft:dragon_head":2,"minecraft:purpur_block":1,"minecraft:shield":4,"minecraft:wind_charge":12,"minecraft:cornflower":2,"minecraft:elytra":4,"minecraft:iron_axe":1,"minecraft:acacia_door":11,"minecraft:wooden_sword":6,"minecraft:blackstone":115,"minecraft:cracked_stone_bricks":1,"minecraft:detector_rail":1,"minecraft:beef":3,"minecraft:oak_boat":12,"minecraft:observer":1,"minecraft:iron_nugget":30,"minecraft:minecart":1,"minecraft:sugar_cane":798,"minecraft:chest":1,"minecraft:birch_sapling":3,"minecraft:raw_iron":108,"minecraft:end_stone":96,"minecraft:oak_door":3,"minecraft:copper_ingot":1,"minecraft:fire_charge":2,"minecraft:polished_blackstone_bricks":53,"minecraft:stone_button":3,"minecraft:carrot":196,"minecraft:redstone":158,"minecraft:tnt":5,"minecraft:stone_shovel":3,"minecraft:arrow":111,"minecraft:diamond_chestplate":7,"minecraft:nether_bricks":2,"minecraft:hay_block":22,"minecraft:gold_ingot":10,"minecraft:mutton":20,"minecraft:white_wool":37,"minecraft:oxeye_daisy":7,"minecraft:basalt":9,"minecraft:golden_carrot":3,"minecraft:tripwire_hook":2,"minecraft:crimson_stem":4,"minecraft:leather":23,"minecraft:birch_planks":1,"minecraft:purpur_stairs":3,"minecraft:oak_log":110,"minecraft:ancient_debris":24,"minecraft:cobblestone_wall":4,"minecraft:yellow_bed":6,"minecraft:gunpowder":10,"minecraft:cooked_mutton":4,"minecraft:apple":18,"minecraft:stone_bricks":5,"minecraft:iron_ingot":12,"minecraft:stone_pickaxe":4,"minecraft:cooked_chicken":3,"minecraft:soul_sand":27,"minecraft:iron_sword":5,"minecraft:warped_fungus":41,"minecraft:quartz":139,"minecraft:dandelion":15,"minecraft:gravel":117,"minecraft:white_bed":9,"minecraft:crying_obsidian":4,"minecraft:spider_eye":15,"minecraft:diamond_axe":1,"minecraft:warped_roots":5,"minecraft:oak_button":1,"minecraft:black_wool":8,"minecraft:warped_nylium":6,"minecraft:smooth_quartz_slab":1,"minecraft:coal":83,"minecraft:wooden_axe":2,"minecraft:ender_pearl":21,"minecraft:shulker_shell":66}},"DataVersion":3953}