{"stats":{"minecraft:dropped":{"minecraft:iron_sword":1,"minecraft:oak_log":32,"minecraft:glass_bottle":1,"minecraft:flint":5,"minecraft:dirt":72,"minecraft:cornflower":1,"minecraft:crimson_roots":4,"minecraft:wooden_sword":1,"minecraft:birch_log":2,"minecraft:gold_ingot":42,"minecraft:birch_sapling":1,"minecraft:carrot":320,"minecraft:basalt":1,"minecraft:netherrack":136,"minecraft:wheat_seeds":37,"minecraft:tnt":2,"minecraft:book":32,"minecraft:apple":8,"minecraft:coal":10,"minecraft:ink_sac":592,"minecraft:paper":832,"minecraft:string":2,"minecraft:smooth_stone_slab":1,"minecraft:diamond_pickaxe":1},"minecraft:broken":{"minecraft:iron_shovel":8,"minecraft:golden_boots":1,"minecraft:stone_pickaxe":1,"minecraft:diamond_pickaxe":1,"minecraft:shield":1,"minecraft:iron_pickaxe":1,"minecraft:iron_helmet":1},"minecraft:custom":{"minecraft:animals_bred":5,"minecraft:interact_with_crafting_table":90,"minecraft:bell_ring":26,"minecraft:leave_game":93,"minecraft:time_since_death":72706,"minecraft:sprint_one_cm":3907544,"minecraft:damage_blocked_by_shield":4640,"minecraft:drop":108,"minecraft:talked_to_villager":92,"minecraft:play_time":1011425,"minecraft:deaths":22,"minecraft:jump":2982,"minecraft:walk_on_water_one_cm":139361,"minecraft:interact_with_furnace":150,"minecraft:traded_with_villager":193,"minecraft:sleep_in_bed":38,"minecraft:damage_dealt":29541,"minecraft:player_kills":1,"minecraft:crouch_one_cm":177320,"minecraft:inspect_dispenser":4,"minecraft:mob_kills":150,"minecraft:interact_with_anvil":3,"minecraft:inspect_hopper":6,"minecraft:climb_one_cm":3514,"minecraft:walk_one_cm":3144617,"minecraft:sneak_time":63635,"minecraft:walk_under_water_one_cm":106310,"minecraft:boat_one_cm":179075,"minecraft:interact_with_blast_furnace":19,"minecraft:total_world_time":1011425,"minecraft:tune_noteblock":6,"minecraft:interact_with_stonecutter":3,"minecraft:time_since_rest":3713,"minecraft:damage_taken":13598,"minecraft:swim_one_cm":325808,"minecraft:fly_one_cm":665215,"minecraft:open_chest":225,"minecraft:fall_one_cm":82548},"minecraft:crafted":{"minecraft:smooth_stone":154,"minecraft:oak_planks":128,"minecraft:oak_sign":6,"minecraft:stone":202,"minecraft:bookshelf":1,"minecraft:cooked_mutton":4,"minecraft:hopper":3,"minecraft:glass":68,"minecraft:iron_boots":1,"minecraft:chest":10,"minecraft:netherite_upgrade_smithing_template":14,"minecraft:golden_boots":1,"minecraft:emerald":177,"minecraft:crafting_table":9,"minecraft:wooden_pickaxe":1,"minecraft:iron_helmet":1,"minecraft:birch_planks":12,"minecraft:iron_chestplate":1,"minecraft:paper":468,"minecraft:diamond_pickaxe":1,"minecraft:shield":1,"minecraft:stick":36,"minecraft:iron_ingot":91,"minecraft:iron_pickaxe":2,"minecraft:iron_block":3,"minecraft:stone_sword":1,"minecraft:acacia_door":3,"minecraft:gold_ingot":77,"minecraft:black_bed":1,"minecraft:shears":1,"minecraft:wooden_sword":1,"minecraft:iron_nugget":9,"minecraft:furnace":8,"minecraft:blast_furnace":2,"minecraft:flint_and_steel":1,"minecraft:lantern":2,"minecraft:iron_axe":1,"minecraft:netherite_scrap":16,"minecraft:wheat":189,"minecraft:cooked_beef":3,"minecraft:crimson_planks":4,"minecraft:iron_sword":1,"minecraft:cooked_salmon":10,"minecraft:bucket":1,"minecraft:glowstone":32,"minecraft:enchanted_book":12,"minecraft:bread":104,"minecraft:air":0,"minecraft:oak_boat":2,"minecraft:iron_shovel":9,"minecraft:iron_leggings":1,"minecraft:stonecutter":1,"minecraft:anvil":1,"minecraft:white_bed":6,"minecraft:acacia_planks":80},"minecraft:killed":{"minecraft:witch":1,"minecraft:spider":6,"minecraft:skeleton":30,"minecraft:piglin_brute":8,"minecraft:magma_cube":4,"minecraft:piglin":24,"minecraft:zombie_villager":1,"minecraft:creeper":5,"minecraft:sheep":3,"minecraft:zombie":29,"minecraft:ghast":1,"minecraft:blaze":7,"minecraft:cow":1,"minecraft:drowned":2,"minecraft:bat":1,"minecraft:hoglin":9,"minecraft:enderman":4},"minecraft:killed_by":{"minecraft:piglin_brute":1,"minecraft:creeper":3,"minecraft:zombie":13,"minecraft:enderman":1,"minecraft:skeleton":2},"minecraft:used":{"minecraft:iron_shovel":2083,"minecraft:smooth_quartz_slab":1,"minecraft:dead_tube_coral_fan":1,"minecraft:dispenser":1,"minecraft:ladder":4,"minecraft:oak_sign":6,"minecraft:chest":39,"minecraft:shield":129,"minecraft:stone":25,"minecraft:iron_sword":543,"minecraft:iron_chestplate":2,"minecraft:soul_sand":11,"minecraft:obsidian":63,"minecraft:glass":107,"minecraft:lava_bucket":42,"minecraft:grass_block":14,"minecraft:crimson_roots":1,"minecraft:repeater":30,"minecraft:warped_fungus":7,"minecraft:hay_block":1,"minecraft:oak_sapling":23,"minecraft:furnace":6,"minecraft:potato":7,"minecraft:dead_brain_coral_fan":6,"minecraft:lime_glazed_terracotta":1,"minecraft:golden_boots":2,"minecraft:diorite":11,"minecraft:leather_leggings":2,"minecraft:stone_pickaxe":120,"minecraft:oak_planks":6,"minecraft:blackstone":9,"minecraft:leather_chestplate":3,"minecraft:wooden_pickaxe":10,"minecraft:sugar_cane":344,"minecraft:oak_leaves":126,"minecraft:sand":3,"minecraft:blast_furnace":2,"minecraft:crossbow":17,"minecraft:note_block":22,"minecraft:black_bed":1,"minecraft:shears":135,"minecraft:lightning_rod":5,"minecraft:redstone_torch":1,"minecraft:sticky_piston":3,"minecraft:lever":4,"minecraft:acacia_door":2,"minecraft:bread":182,"minecraft:string":7,"minecraft:stone_button":2,"minecraft:lectern":1,"minecraft:gravel":2,"minecraft:wooden_sword":31,"minecraft:smooth_stone_slab":51,"minecraft:ice":1,"minecraft:oak_boat":11,"minecraft:oak_trapdoor":12,"minecraft:stone_sword":38,"minecraft:flint_and_steel":29,"minecraft:tropical_fish":12,"minecraft:redstone":21,"minecraft:cooked_salmon":10,"minecraft:netherrack":1563,"minecraft:torch":24,"minecraft:dirt":1326,"minecraft:anvil":1,"minecraft:hopper":23,"minecraft:cobblestone_wall":54,"minecraft:stone_stairs":21,"minecraft:oak_fence_gate":1,"minecraft:wooden_axe":1,"minecraft:iron_axe":37,"minecraft:slime_block":52,"minecraft:iron_boots":2,"minecraft:basalt":8,"minecraft:tripwire_hook":4,"minecraft:minecart":2,"minecraft:cooked_beef":3,"minecraft:cobbled_deepslate":14,"minecraft:observer":71,"minecraft:wheat_seeds":125,"minecraft:cooked_mutton":4,"minecraft:water_bucket":212,"minecraft:stonecutter":1,"minecraft:polished_blackstone_bricks":28,"minecraft:gilded_blackstone":1,"minecraft:tnt":197,"minecraft:crafting_table":12,"minecraft:white_bed":15,"minecraft:oak_log":1,"minecraft:piston":15,"minecraft:diamond_pickaxe":2421,"minecraft:apple":26,"minecraft:warped_trapdoor":3,"minecraft:cracked_polished_blackstone_bricks":6,"minecraft:oak_button":2,"minecraft:iron_pickaxe":384,"minecraft:detector_rail":3,"minecraft:leather_helmet":1,"minecraft:cobblestone":185,"minecraft:potion":1,"minecraft:cooked_porkchop":6,"minecraft:warped_fence_gate":1,"minecraft:bucket":112,"minecraft:yellow_bed":6,"minecraft:dandelion":2,"minecraft:smooth_stone":266},"minecraft:picked_up":{"minecraft:wooden_axe":2,"minecraft:iron_chestplate":4,"minecraft:wheat":123,"minecraft:enchanted_book":1,"minecraft:potion":2,"minecraft:gilded_blackstone":1,"minecraft:nether_brick":15,"minecraft:string":17,"minecraft:raw_copper":43,"minecraft:smooth_stone_slab":1,"minecraft:oak_sign":1,"minecraft:cobbled_deepslate":106,"minecraft:gold_nugget":388,"minecraft:smooth_stone":24,"minecraft:redstone_torch":1,"minecraft:iron_pickaxe":3,"minecraft:iron_boots":3,"minecraft:stick":34,"minecraft:torch":352,"minecraft:porkchop":16,"minecraft:lightning_rod":9,"minecraft:diorite":45,"minecraft:stone_sword":2,"minecraft:rotten_flesh":82,"minecraft:blaze_rod":3,"minecraft:obsidian":15,"minecraft:cobblestone":2942,"minecraft:birch_log":9,"minecraft:leather_chestplate":5,"minecraft:repeater":10,"minecraft:water_bucket":4,"minecraft:potato":21,"minecraft:flint":7,"minecraft:tuff":21,"minecraft:dirt":3030,"minecraft:lapis_lazuli":81,"minecraft:leather_boots":2,"minecraft:bone":54,"minecraft:acacia_planks":162,"minecraft:bow":2,"minecraft:wheat_seeds":500,"minecraft:raw_gold":38,"minecraft:glowstone_dust":169,"minecraft:oak_planks":18,"minecraft:lime_glazed_terracotta":1,"minecraft:cooked_porkchop":5,"minecraft:sand":65,"minecraft:warped_fence_gate":1,"minecraft:spectral_arrow":38,"minecraft:diamond":54,"minecraft:slime_block":5,"minecraft:lever":2,"minecraft:cracked_polished_blackstone_bricks":19,"minecraft:bread":138,"minecraft:oak_sapling":76,"minecraft:netherrack":2667,"minecraft:crimson_roots":6,"minecraft:oak_leaves":135,"minecraft:diamond_pickaxe":1,"minecraft:crafting_table":3,"minecraft:azure_bluet":3,"minecraft:nether_wart":22,"minecraft:ladder":4,"minecraft:leather_leggings":3,"minecraft:wooden_pickaxe":6,"minecraft:gold_block":39,"minecraft:shield":3,"minecraft:cornflower":2,"minecraft:acacia_door":11,"minecraft:wooden_sword":6,"minecraft:blackstone":115,"minecraft:detector_rail":1,"minecraft:beef":3,"minecraft:oak_boat":12,"minecraft:observer":1,"minecraft:iron_nugget":30,"minecraft:minecart":1,"minecraft:sugar_cane":798,"minecraft:chest":1,"minecraft:birch_sapling":3,"minecraft:raw_iron":108,"minecraft:copper_ingot":1,"minecraft:fire_charge":2,"minecraft:polished_blackstone_bricks":53,"minecraft:stone_button":2,"minecraft:redstone":157,"minecraft:tnt":5,"minecraft:arrow":50,"minecraft:stone_shovel":3,"minecraft:nether_bricks":2,"minecraft:hay_block":22,"minecraft:gold_ingot":10,"minecraft:mutton":20,"minecraft:white_wool":37,"minecraft:oxeye_daisy":7,"minecraft:basalt":9,"minecraft:tripwire_hook":2,"minecraft:crimson_stem":1,"minecraft:leather":13,"minecraft:birch_planks":1,"minecraft:oak_log":105,"minecraft:ancient_debris":24,"minecraft:gunpowder":7,"minecraft:yellow_bed":6,"minecraft:cobblestone_wall":4,"minecraft:cooked_mutton":4,"minecraft:apple":17,"minecraft:iron_ingot":1,"minecraft:stone_pickaxe":4,"minecraft:soul_sand":27,"minecraft:iron_sword":4,"minecraft:warped_fungus":8,"minecraft:quartz":117,"minecraft:dandelion":14,"minecraft:gravel":101,"minecraft:white_bed":9,"minecraft:crying_obsidian":4,"minecraft:spider_eye":7,"minecraft:oak_button":1,"minecraft:black_wool":8,"minecraft:warped_nylium":2,"minecraft:coal":78,"minecraft:smooth_quartz_slab":1,"minecraft:ender_pearl":7},"minecraft:mined":{"minecraft:white_bed":8,"minecraft:obsidian":14,"minecraft:grass_block":1203,"minecraft:cracked_polished_blackstone_bricks":22,"minecraft:oak_wall_sign":1,"minecraft:nether_wart":21,"minecraft:gilded_blackstone":2,"minecraft:smooth_stone":17,"minecraft:polished_blackstone_bricks":57,"minecraft:weeping_vines_plant":1,"minecraft:glowstone":60,"minecraft:cobbled_deepslate":4,"minecraft:iron_ore":69,"minecraft:fire":47,"minecraft:dirt_path":1,"minecraft:deepslate_redstone_ore":30,"minecraft:blackstone":48,"minecraft:crimson_nylium":24,"minecraft:torch":7,"minecraft:chest":1,"minecraft:smooth_quartz_slab":1,"minecraft:nether_quartz_ore":103,"minecraft:cobblestone":42,"minecraft:oak_planks":4,"minecraft:sugar_cane":570,"minecraft:wall_torch":2,"minecraft:warped_nylium":10,"minecraft:wheat":124,"minecraft:birch_log":3,"minecraft:tnt":5,"minecraft:warped_fungus":8,"minecraft:oak_log":32,"minecraft:sand":65,"minecraft:dirt":864,"minecraft:netherrack":1645,"minecraft:ancient_debris":24,"minecraft:oak_leaves":147,"minecraft:deepslate":104,"minecraft:nether_gold_ore":90,"minecraft:tuff":20,"minecraft:deepslate_diamond_ore":54,"minecraft:nether_bricks":2,"minecraft:crimson_roots":7,"minecraft:crimson_stem":1,"minecraft:hay_block":19,"minecraft:polished_basalt":1,"minecraft:gold_block":39,"minecraft:potatoes":7,"minecraft:deepslate_iron_ore":4,"minecraft:stone":319,"minecraft:soul_sand":11,"minecraft:basalt":9,"minecraft:dandelion":2,"minecraft:crafting_table":3,"minecraft:short_grass":279,"minecraft:lightning_rod":4,"minecraft:copper_ore":11,"minecraft:tall_grass":59,"minecraft:deepslate_gold_ore":24,"minecraft:lapis_ore":7,"minecraft:diorite":13,"minecraft:cobblestone_wall":4,"minecraft:bee_nest":1,"minecraft:yellow_bed":6,"minecraft:coal_ore":68,"minecraft:gravel":20,"minecraft:acacia_door":2,"minecraft:gold_ore":12}},"DataVersion":3953}