{"stats":{"minecraft:crafted":{"minecraft:wooden_sword":1,"minecraft:oak_planks":20,"minecraft:furnace":2,"minecraft:cooked_mutton":4,"minecraft:iron_boots":1,"minecraft:wheat":117,"minecraft:cooked_beef":3,"minecraft:crafting_table":6,"minecraft:wooden_pickaxe":1,"minecraft:iron_helmet":1,"minecraft:iron_sword":1,"minecraft:bucket":1,"minecraft:birch_planks":12,"minecraft:bread":39,"minecraft:air":0,"minecraft:iron_chestplate":1,"minecraft:diamond_pickaxe":1,"minecraft:shield":1,"minecraft:stick":12,"minecraft:iron_ingot":36,"minecraft:iron_pickaxe":1,"minecraft:stone_sword":1,"minecraft:acacia_door":3,"minecraft:iron_leggings":1,"minecraft:white_bed":1,"minecraft:acacia_planks":80},"minecraft:dropped":{"minecraft:wheat_seeds":34,"minecraft:oak_log":32,"minecraft:apple":8,"minecraft:coal":10,"minecraft:dirt":72,"minecraft:cornflower":1,"minecraft:wooden_sword":1,"minecraft:string":2,"minecraft:birch_log":2,"minecraft:birch_sapling":1},"minecraft:used":{"minecraft:stone_sword":38,"minecraft:shield":33,"minecraft:iron_sword":166,"minecraft:iron_chestplate":2,"minecraft:torch":10,"minecraft:dirt":33,"minecraft:wooden_axe":1,"minecraft:iron_boots":2,"minecraft:hay_block":1,"minecraft:furnace":2,"minecraft:oak_sapling":23,"minecraft:cooked_beef":3,"minecraft:cobbled_deepslate":12,"minecraft:cooked_mutton":4,"minecraft:water_bucket":20,"minecraft:diorite":11,"minecraft:leather_leggings":2,"minecraft:stone_pickaxe":120,"minecraft:oak_planks":6,"minecraft:leather_chestplate":3,"minecraft:wooden_pickaxe":10,"minecraft:sugar_cane":6,"minecraft:sand":1,"minecraft:crafting_table":7,"minecraft:white_bed":2,"minecraft:lightning_rod":5,"minecraft:diamond_pickaxe":58,"minecraft:apple":26,"minecraft:acacia_door":2,"minecraft:bread":48,"minecraft:iron_pickaxe":249,"minecraft:leather_helmet":1,"minecraft:wooden_sword":31,"minecraft:cobblestone":10,"minecraft:bucket":21,"minecraft:oak_boat":1},"minecraft:broken":{"minecraft:stone_pickaxe":1,"minecraft:iron_pickaxe":1},"minecraft:killed_by":{"minecraft:creeper":3,"minecraft:skeleton":2,"minecraft:zombie":13},"minecraft:custom":{"minecraft:mob_kills":55,"minecraft:interact_with_crafting_table":26,"minecraft:bell_ring":2,"minecraft:leave_game":32,"minecraft:time_since_death":51705,"minecraft:climb_one_cm":1024,"minecraft:sprint_one_cm":758234,"minecraft:walk_one_cm":554401,"minecraft:damage_blocked_by_shield":1034,"minecraft:drop":19,"minecraft:talked_to_villager":22,"minecraft:play_time":217585,"minecraft:deaths":20,"minecraft:sneak_time":10311,"minecraft:walk_under_water_one_cm":47357,"minecraft:boat_one_cm":82291,"minecraft:jump":2947,"minecraft:walk_on_water_one_cm":47174,"minecraft:total_world_time":217585,"minecraft:interact_with_furnace":13,"minecraft:sleep_in_bed":6,"minecraft:time_since_rest":51824,"minecraft:damage_taken":8223,"minecraft:damage_dealt":10441,"minecraft:swim_one_cm":233284,"minecraft:fly_one_cm":649721,"minecraft:open_chest":5,"minecraft:crouch_one_cm":21895,"minecraft:fall_one_cm":82339},"minecraft:mined":{"minecraft:tuff":20,"minecraft:deepslate_diamond_ore":54,"minecraft:obsidian":14,"minecraft:hay_block":11,"minecraft:iron_ore":65,"minecraft:cobbled_deepslate":4,"minecraft:fire":11,"minecraft:deepslate_iron_ore":4,"minecraft:stone":42,"minecraft:deepslate_redstone_ore":30,"minecraft:crafting_table":1,"minecraft:short_grass":122,"minecraft:lightning_rod":4,"minecraft:cobblestone":1,"minecraft:tall_grass":31,"minecraft:lapis_ore":7,"minecraft:deepslate_gold_ore":24,"minecraft:sugar_cane":4,"minecraft:oak_planks":4,"minecraft:diorite":13,"minecraft:wall_torch":1,"minecraft:birch_log":3,"minecraft:oak_log":5,"minecraft:coal_ore":20,"minecraft:sand":1,"minecraft:acacia_door":2,"minecraft:dirt":14,"minecraft:gold_ore":12,"minecraft:oak_leaves":3,"minecraft:deepslate":104},"minecraft:picked_up":{"minecraft:wooden_axe":2,"minecraft:iron_chestplate":4,"minecraft:crafting_table":1,"minecraft:azure_bluet":1,"minecraft:leather_leggings":3,"minecraft:wooden_pickaxe":6,"minecraft:shield":3,"minecraft:cornflower":2,"minecraft:string":9,"minecraft:acacia_door":11,"minecraft:wooden_sword":6,"minecraft:cobbled_deepslate":106,"minecraft:beef":3,"minecraft:oak_boat":2,"minecraft:iron_pickaxe":3,"minecraft:sugar_cane":6,"minecraft:birch_sapling":3,"minecraft:iron_boots":3,"minecraft:stick":28,"minecraft:raw_iron":104,"minecraft:copper_ingot":1,"minecraft:torch":343,"minecraft:lightning_rod":9,"minecraft:diorite":45,"minecraft:redstone":135,"minecraft:rotten_flesh":72,"minecraft:arrow":29,"minecraft:stone_sword":2,"minecraft:stone_shovel":3,"minecraft:hay_block":14,"minecraft:obsidian":14,"minecraft:mutton":20,"minecraft:cobblestone":82,"minecraft:white_wool":15,"minecraft:oxeye_daisy":4,"minecraft:birch_log":9,"minecraft:leather_chestplate":5,"minecraft:water_bucket":4,"minecraft:leather":6,"minecraft:birch_planks":1,"minecraft:tuff":21,"minecraft:oak_log":77,"minecraft:gunpowder":1,"minecraft:dirt":293,"minecraft:lapis_lazuli":81,"minecraft:leather_boots":2,"minecraft:cooked_mutton":4,"minecraft:bone":30,"minecraft:acacia_planks":162,"minecraft:apple":17,"minecraft:bow":2,"minecraft:wheat_seeds":74,"minecraft:raw_gold":38,"minecraft:stone_pickaxe":4,"minecraft:oak_planks":18,"minecraft:iron_sword":3,"minecraft:sand":1,"minecraft:white_bed":1,"minecraft:spider_eye":4,"minecraft:diamond":54,"minecraft:bread":138,"minecraft:oak_sapling":65,"minecraft:coal":30},"minecraft:killed":{"minecraft:spider":2,"minecraft:skeleton":20,"minecraft:drowned":2,"minecraft:zombie_villager":1,"minecraft:bat":1,"minecraft:creeper":1,"minecraft:sheep":3,"minecraft:zombie":23,"minecraft:cow":1}},"DataVersion":3953}