{"stats":{"minecraft:crafted":{"minecraft:smooth_stone":154,"minecraft:oak_planks":128,"minecraft:oak_sign":6,"minecraft:stone":202,"minecraft:bookshelf":1,"minecraft:cooked_mutton":4,"minecraft:hopper":3,"minecraft:glass":64,"minecraft:iron_boots":1,"minecraft:chest":10,"minecraft:netherite_upgrade_smithing_template":14,"minecraft:golden_boots":1,"minecraft:emerald":96,"minecraft:crafting_table":9,"minecraft:wooden_pickaxe":1,"minecraft:iron_helmet":1,"minecraft:birch_planks":12,"minecraft:iron_chestplate":1,"minecraft:paper":468,"minecraft:diamond_pickaxe":1,"minecraft:shield":1,"minecraft:stick":36,"minecraft:iron_ingot":91,"minecraft:iron_pickaxe":2,"minecraft:iron_block":3,"minecraft:stone_sword":1,"minecraft:acacia_door":3,"minecraft:gold_ingot":71,"minecraft:black_bed":1,"minecraft:shears":1,"minecraft:wooden_sword":1,"minecraft:iron_nugget":9,"minecraft:furnace":8,"minecraft:blast_furnace":2,"minecraft:flint_and_steel":1,"minecraft:lantern":2,"minecraft:iron_axe":1,"minecraft:wheat":189,"minecraft:cooked_beef":3,"minecraft:crimson_planks":4,"minecraft:iron_sword":1,"minecraft:cooked_salmon":10,"minecraft:bucket":1,"minecraft:glowstone":32,"minecraft:enchanted_book":8,"minecraft:bread":96,"minecraft:air":0,"minecraft:oak_boat":2,"minecraft:iron_shovel":9,"minecraft:iron_leggings":1,"minecraft:stonecutter":1,"minecraft:anvil":1,"minecraft:white_bed":6,"minecraft:acacia_planks":80},"minecraft:used":{"minecraft:iron_shovel":2083,"minecraft:smooth_quartz_slab":1,"minecraft:ladder":4,"minecraft:oak_sign":5,"minecraft:chest":24,"minecraft:shield":94,"minecraft:iron_sword":438,"minecraft:iron_chestplate":2,"minecraft:soul_sand":11,"minecraft:obsidian":16,"minecraft:glass":32,"minecraft:lava_bucket":23,"minecraft:repeater":13,"minecraft:warped_fungus":7,"minecraft:hay_block":1,"minecraft:furnace":6,"minecraft:oak_sapling":23,"minecraft:potato":7,"minecraft:golden_boots":2,"minecraft:diorite":11,"minecraft:leather_leggings":2,"minecraft:stone_pickaxe":120,"minecraft:oak_planks":6,"minecraft:blackstone":9,"minecraft:wooden_pickaxe":10,"minecraft:leather_chestplate":3,"minecraft:sugar_cane":344,"minecraft:oak_leaves":101,"minecraft:sand":2,"minecraft:blast_furnace":2,"minecraft:crossbow":17,"minecraft:note_block":17,"minecraft:black_bed":1,"minecraft:shears":135,"minecraft:lightning_rod":5,"minecraft:lever":1,"minecraft:acacia_door":2,"minecraft:bread":126,"minecraft:stone_button":1,"minecraft:lectern":1,"minecraft:gravel":2,"minecraft:wooden_sword":31,"minecraft:smooth_stone_slab":20,"minecraft:oak_boat":11,"minecraft:oak_trapdoor":8,"minecraft:stone_sword":38,"minecraft:flint_and_steel":15,"minecraft:tropical_fish":12,"minecraft:redstone":7,"minecraft:cooked_salmon":10,"minecraft:netherrack":546,"minecraft:torch":15,"minecraft:dirt":1213,"minecraft:anvil":1,"minecraft:hopper":9,"minecraft:cobblestone_wall":52,"minecraft:wooden_axe":1,"minecraft:iron_axe":37,"minecraft:iron_boots":2,"minecraft:cooked_beef":3,"minecraft:cobbled_deepslate":14,"minecraft:observer":41,"minecraft:wheat_seeds":125,"minecraft:cooked_mutton":4,"minecraft:water_bucket":180,"minecraft:stonecutter":1,"minecraft:polished_blackstone_bricks":28,"minecraft:gilded_blackstone":1,"minecraft:tnt":28,"minecraft:crafting_table":12,"minecraft:white_bed":15,"minecraft:piston":9,"minecraft:diamond_pickaxe":1263,"minecraft:apple":26,"minecraft:cracked_polished_blackstone_bricks":6,"minecraft:oak_button":1,"minecraft:iron_pickaxe":384,"minecraft:leather_helmet":1,"minecraft:cobblestone":153,"minecraft:potion":1,"minecraft:cooked_porkchop":4,"minecraft:bucket":112,"minecraft:yellow_bed":6,"minecraft:dandelion":2,"minecraft:smooth_stone":109},"minecraft:dropped":{"minecraft:iron_sword":1,"minecraft:oak_log":32,"minecraft:glass_bottle":1,"minecraft:dirt":72,"minecraft:cornflower":1,"minecraft:crimson_roots":3,"minecraft:wooden_sword":1,"minecraft:birch_log":2,"minecraft:gold_ingot":30,"minecraft:birch_sapling":1,"minecraft:carrot":320,"minecraft:basalt":1,"minecraft:netherrack":8,"minecraft:wheat_seeds":35,"minecraft:tnt":1,"minecraft:book":32,"minecraft:apple":8,"minecraft:coal":10,"minecraft:paper":832,"minecraft:string":2,"minecraft:smooth_stone_slab":1,"minecraft:diamond_pickaxe":1},"minecraft:killed":{"minecraft:witch":1,"minecraft:spider":6,"minecraft:skeleton":24,"minecraft:piglin_brute":8,"minecraft:piglin":23,"minecraft:zombie_villager":1,"minecraft:creeper":5,"minecraft:sheep":3,"minecraft:zombie":29,"minecraft:ghast":1,"minecraft:cow":1,"minecraft:drowned":2,"minecraft:bat":1,"minecraft:hoglin":7,"minecraft:enderman":2},"minecraft:picked_up":{"minecraft:wooden_axe":2,"minecraft:iron_chestplate":4,"minecraft:wheat":123,"minecraft:potion":2,"minecraft:nether_brick":3,"minecraft:gilded_blackstone":1,"minecraft:string":17,"minecraft:raw_copper":43,"minecraft:smooth_stone_slab":1,"minecraft:oak_sign":1,"minecraft:cobbled_deepslate":106,"minecraft:gold_nugget":327,"minecraft:smooth_stone":15,"minecraft:iron_pickaxe":3,"minecraft:iron_boots":3,"minecraft:stick":34,"minecraft:torch":346,"minecraft:porkchop":16,"minecraft:lightning_rod":9,"minecraft:diorite":45,"minecraft:stone_sword":2,"minecraft:rotten_flesh":81,"minecraft:obsidian":14,"minecraft:cobblestone":2887,"minecraft:birch_log":9,"minecraft:leather_chestplate":5,"minecraft:repeater":3,"minecraft:water_bucket":4,"minecraft:potato":21,"minecraft:flint":2,"minecraft:tuff":21,"minecraft:dirt":3021,"minecraft:lapis_lazuli":81,"minecraft:leather_boots":2,"minecraft:bone":47,"minecraft:acacia_planks":162,"minecraft:bow":2,"minecraft:wheat_seeds":498,"minecraft:raw_gold":38,"minecraft:glowstone_dust":165,"minecraft:oak_planks":18,"minecraft:cooked_porkchop":3,"minecraft:sand":65,"minecraft:spectral_arrow":20,"minecraft:diamond":54,"minecraft:lever":1,"minecraft:cracked_polished_blackstone_bricks":19,"minecraft:bread":138,"minecraft:oak_sapling":76,"minecraft:netherrack":557,"minecraft:oak_leaves":135,"minecraft:crimson_roots":3,"minecraft:diamond_pickaxe":1,"minecraft:crafting_table":3,"minecraft:azure_bluet":3,"minecraft:nether_wart":2,"minecraft:leather_leggings":3,"minecraft:wooden_pickaxe":6,"minecraft:gold_block":38,"minecraft:shield":3,"minecraft:cornflower":2,"minecraft:wooden_sword":6,"minecraft:acacia_door":11,"minecraft:blackstone":64,"minecraft:beef":3,"minecraft:oak_boat":12,"minecraft:iron_nugget":30,"minecraft:sugar_cane":798,"minecraft:chest":1,"minecraft:birch_sapling":3,"minecraft:raw_iron":108,"minecraft:copper_ingot":1,"minecraft:fire_charge":2,"minecraft:polished_blackstone_bricks":53,"minecraft:stone_button":1,"minecraft:redstone":144,"minecraft:tnt":1,"minecraft:arrow":44,"minecraft:stone_shovel":3,"minecraft:hay_block":22,"minecraft:gold_ingot":6,"minecraft:mutton":20,"minecraft:white_wool":37,"minecraft:oxeye_daisy":7,"minecraft:basalt":1,"minecraft:crimson_stem":1,"minecraft:leather":10,"minecraft:birch_planks":1,"minecraft:oak_log":104,"minecraft:cobblestone_wall":3,"minecraft:yellow_bed":6,"minecraft:gunpowder":7,"minecraft:cooked_mutton":4,"minecraft:apple":17,"minecraft:iron_ingot":1,"minecraft:stone_pickaxe":4,"minecraft:soul_sand":20,"minecraft:iron_sword":4,"minecraft:warped_fungus":8,"minecraft:quartz":92,"minecraft:dandelion":14,"minecraft:gravel":38,"minecraft:white_bed":9,"minecraft:crying_obsidian":4,"minecraft:spider_eye":7,"minecraft:black_wool":8,"minecraft:smooth_quartz_slab":1,"minecraft:coal":78,"minecraft:ender_pearl":2},"minecraft:killed_by":{"minecraft:piglin_brute":1,"minecraft:creeper":3,"minecraft:zombie":13,"minecraft:skeleton":2},"minecraft:custom":{"minecraft:animals_bred":5,"minecraft:interact_with_crafting_table":84,"minecraft:bell_ring":26,"minecraft:leave_game":42,"minecraft:time_since_death":139028,"minecraft:sprint_one_cm":2812271,"minecraft:damage_blocked_by_shield":3205,"minecraft:drop":79,"minecraft:talked_to_villager":61,"minecraft:play_time":725617,"minecraft:deaths":21,"minecraft:jump":2947,"minecraft:walk_on_water_one_cm":126174,"minecraft:interact_with_furnace":146,"minecraft:traded_with_villager":107,"minecraft:sleep_in_bed":32,"minecraft:damage_dealt":24674,"minecraft:crouch_one_cm":118410,"minecraft:mob_kills":126,"minecraft:interact_with_anvil":2,"minecraft:inspect_hopper":1,"minecraft:climb_one_cm":2010,"minecraft:walk_one_cm":2379071,"minecraft:sneak_time":42445,"minecraft:walk_under_water_one_cm":98234,"minecraft:boat_one_cm":179075,"minecraft:interact_with_blast_furnace":12,"minecraft:total_world_time":725617,"minecraft:tune_noteblock":6,"minecraft:interact_with_stonecutter":3,"minecraft:time_since_rest":72513,"minecraft:damage_taken":11521,"minecraft:swim_one_cm":307370,"minecraft:fly_one_cm":656228,"minecraft:open_chest":139,"minecraft:fall_one_cm":82339},"minecraft:mined":{"minecraft:white_bed":8,"minecraft:obsidian":14,"minecraft:grass_block":1203,"minecraft:cracked_polished_blackstone_bricks":22,"minecraft:oak_wall_sign":1,"minecraft:nether_wart":1,"minecraft:gilded_blackstone":2,"minecraft:smooth_stone":17,"minecraft:polished_blackstone_bricks":57,"minecraft:weeping_vines_plant":1,"minecraft:glowstone":60,"minecraft:iron_ore":69,"minecraft:cobbled_deepslate":4,"minecraft:fire":36,"minecraft:dirt_path":1,"minecraft:deepslate_redstone_ore":30,"minecraft:blackstone":29,"minecraft:crimson_nylium":12,"minecraft:torch":2,"minecraft:chest":1,"minecraft:smooth_quartz_slab":1,"minecraft:nether_quartz_ore":86,"minecraft:cobblestone":42,"minecraft:sugar_cane":570,"minecraft:oak_planks":4,"minecraft:wall_torch":2,"minecraft:birch_log":3,"minecraft:wheat":124,"minecraft:warped_fungus":8,"minecraft:oak_log":32,"minecraft:sand":65,"minecraft:dirt":864,"minecraft:netherrack":595,"minecraft:oak_leaves":147,"minecraft:deepslate":104,"minecraft:nether_gold_ore":77,"minecraft:tuff":20,"minecraft:deepslate_diamond_ore":54,"minecraft:crimson_roots":5,"minecraft:crimson_stem":1,"minecraft:hay_block":19,"minecraft:polished_basalt":1,"minecraft:gold_block":38,"minecraft:potatoes":7,"minecraft:deepslate_iron_ore":4,"minecraft:stone":319,"minecraft:soul_sand":11,"minecraft:basalt":1,"minecraft:dandelion":2,"minecraft:crafting_table":3,"minecraft:short_grass":268,"minecraft:lightning_rod":4,"minecraft:tall_grass":57,"minecraft:copper_ore":11,"minecraft:lapis_ore":7,"minecraft:deepslate_gold_ore":24,"minecraft:diorite":13,"minecraft:cobblestone_wall":4,"minecraft:bee_nest":1,"minecraft:yellow_bed":6,"minecraft:coal_ore":68,"minecraft:gravel":7,"minecraft:acacia_door":2,"minecraft:gold_ore":12},"minecraft:broken":{"minecraft:iron_shovel":8,"minecraft:golden_boots":1,"minecraft:stone_pickaxe":1,"minecraft:iron_pickaxe":1}},"DataVersion":3953}