{"stats":{"minecraft:custom":{"minecraft:animals_bred":5,"minecraft:interact_with_crafting_table":102,"minecraft:bell_ring":26,"minecraft:leave_game":100,"minecraft:time_since_death":90170,"minecraft:sprint_one_cm":5569768,"minecraft:damage_blocked_by_shield":8415,"minecraft:drop":137,"minecraft:talked_to_villager":153,"minecraft:play_time":1365352,"minecraft:deaths":23,"minecraft:jump":2982,"minecraft:walk_on_water_one_cm":151250,"minecraft:interact_with_furnace":155,"minecraft:traded_with_villager":401,"minecraft:sleep_in_bed":49,"minecraft:damage_dealt":48964,"minecraft:player_kills":1,"minecraft:crouch_one_cm":219622,"minecraft:inspect_dispenser":4,"minecraft:interact_with_smithing_table":1,"minecraft:mob_kills":301,"minecraft:interact_with_anvil":8,"minecraft:inspect_hopper":8,"minecraft:climb_one_cm":7405,"minecraft:walk_one_cm":4610463,"minecraft:strider_one_cm":131439,"minecraft:sneak_time":76026,"minecraft:walk_under_water_one_cm":110387,"minecraft:boat_one_cm":180141,"minecraft:interact_with_blast_furnace":23,"minecraft:total_world_time":1365352,"minecraft:tune_noteblock":7,"minecraft:interact_with_stonecutter":3,"minecraft:time_since_rest":3137,"minecraft:damage_taken":17324,"minecraft:swim_one_cm":343668,"minecraft:fly_one_cm":670375,"minecraft:open_chest":443,"minecraft:fall_one_cm":82548},"minecraft:crafted":{"minecraft:oak_planks":128,"minecraft:smooth_stone":154,"minecraft:oak_sign":6,"minecraft:blaze_powder":14,"minecraft:stone":202,"minecraft:bookshelf":1,"minecraft:cooked_mutton":4,"minecraft:glass":68,"minecraft:hopper":3,"minecraft:iron_boots":2,"minecraft:chest":10,"minecraft:netherite_upgrade_smithing_template":14,"minecraft:stone_hoe":12,"minecraft:ender_eye":10,"minecraft:golden_boots":1,"minecraft:emerald":355,"minecraft:crafting_table":9,"minecraft:wooden_pickaxe":1,"minecraft:iron_helmet":2,"minecraft:smithing_table":1,"minecraft:birch_planks":12,"minecraft:iron_chestplate":2,"minecraft:paper":468,"minecraft:diamond_pickaxe":1,"minecraft:shield":1,"minecraft:stick":36,"minecraft:iron_ingot":91,"minecraft:iron_pickaxe":2,"minecraft:iron_block":3,"minecraft:stone_sword":1,"minecraft:acacia_door":3,"minecraft:gold_ingot":77,"minecraft:black_bed":1,"minecraft:netherite_ingot":6,"minecraft:shears":1,"minecraft:wooden_sword":1,"minecraft:iron_nugget":9,"minecraft:furnace":8,"minecraft:blast_furnace":2,"minecraft:flint_and_steel":1,"minecraft:lantern":2,"minecraft:iron_axe":1,"minecraft:netherite_scrap":24,"minecraft:wheat":189,"minecraft:cooked_beef":3,"minecraft:crimson_planks":4,"minecraft:bell":18,"minecraft:iron_sword":1,"minecraft:cooked_salmon":10,"minecraft:bucket":2,"minecraft:glowstone":32,"minecraft:enchanted_book":12,"minecraft:bread":104,"minecraft:air":0,"minecraft:oak_boat":2,"minecraft:iron_shovel":9,"minecraft:iron_leggings":2,"minecraft:stonecutter":1,"minecraft:anvil":1,"minecraft:white_bed":6,"minecraft:acacia_planks":80},"minecraft:killed_by":{"minecraft:piglin_brute":1,"minecraft:creeper":3,"minecraft:zombie":13,"minecraft:enderman":1,"minecraft:skeleton":2},"minecraft:dropped":{"minecraft:crimson_stem":3,"minecraft:iron_sword":2,"minecraft:warped_fungus":1,"minecraft:oak_log":32,"minecraft:glass_bottle":1,"minecraft:crossbow":1,"minecraft:warped_roots":1,"minecraft:flint":5,"minecraft:dirt":72,"minecraft:cornflower":1,"minecraft:crimson_roots":9,"minecraft:wooden_sword":1,"minecraft:birch_log":2,"minecraft:gold_ingot":42,"minecraft:birch_sapling":1,"minecraft:carrot":719,"minecraft:basalt":1,"minecraft:netherrack":136,"minecraft:wheat_seeds":37,"minecraft:tnt":2,"minecraft:book":32,"minecraft:apple":8,"minecraft:coal":10,"minecraft:stick":1,"minecraft:ink_sac":592,"minecraft:paper":832,"minecraft:string":2,"minecraft:stone_sword":1,"minecraft:smooth_stone_slab":1,"minecraft:diamond_pickaxe":1},"minecraft:broken":{"minecraft:golden_helmet":1,"minecraft:iron_shovel":8,"minecraft:golden_boots":2,"minecraft:iron_chestplate":1,"minecraft:iron_leggings":1,"minecraft:stone_pickaxe":1,"minecraft:diamond_pickaxe":1,"minecraft:shield":2,"minecraft:iron_pickaxe":1,"minecraft:iron_helmet":1},"minecraft:killed":{"minecraft:zombified_piglin":1,"minecraft:witch":1,"minecraft:spider":6,"minecraft:skeleton":33,"minecraft:piglin_brute":8,"minecraft:magma_cube":5,"minecraft:piglin":34,"minecraft:zombie_villager":1,"minecraft:creeper":7,"minecraft:sheep":3,"minecraft:zombie":30,"minecraft:ghast":2,"minecraft:cow":1,"minecraft:blaze":112,"minecraft:endermite":1,"minecraft:drowned":2,"minecraft:bat":1,"minecraft:hoglin":12,"minecraft:wither_skeleton":12,"minecraft:enderman":8},"minecraft:mined":{"minecraft:white_bed":8,"minecraft:obsidian":14,"minecraft:grass_block":1203,"minecraft:cracked_polished_blackstone_bricks":22,"minecraft:oak_wall_sign":1,"minecraft:nether_wart":21,"minecraft:gilded_blackstone":2,"minecraft:smooth_stone":17,"minecraft:polished_blackstone_bricks":57,"minecraft:weeping_vines_plant":1,"minecraft:glowstone":60,"minecraft:iron_ore":69,"minecraft:cobbled_deepslate":4,"minecraft:fire":66,"minecraft:dirt_path":1,"minecraft:deepslate_redstone_ore":30,"minecraft:blackstone":48,"minecraft:crimson_nylium":34,"minecraft:torch":7,"minecraft:chest":1,"minecraft:smooth_quartz_slab":1,"minecraft:nether_quartz_ore":125,"minecraft:cobblestone":42,"minecraft:sugar_cane":570,"minecraft:oak_planks":4,"minecraft:wall_torch":2,"minecraft:warped_nylium":16,"minecraft:birch_log":3,"minecraft:wheat":124,"minecraft:tnt":5,"minecraft:warped_fungus":9,"minecraft:oak_log":32,"minecraft:sand":65,"minecraft:dirt":866,"minecraft:netherrack":2603,"minecraft:ancient_debris":24,"minecraft:oak_leaves":147,"minecraft:deepslate":104,"minecraft:nether_gold_ore":92,"minecraft:tuff":20,"minecraft:deepslate_diamond_ore":54,"minecraft:nether_bricks":2,"minecraft:crimson_roots":12,"minecraft:crimson_stem":4,"minecraft:hay_block":19,"minecraft:polished_basalt":1,"minecraft:gold_block":39,"minecraft:potatoes":7,"minecraft:deepslate_iron_ore":4,"minecraft:stone":319,"minecraft:soul_sand":11,"minecraft:basalt":9,"minecraft:dandelion":2,"minecraft:crafting_table":3,"minecraft:short_grass":279,"minecraft:lightning_rod":4,"minecraft:tall_grass":59,"minecraft:copper_ore":11,"minecraft:lapis_ore":7,"minecraft:deepslate_gold_ore":24,"minecraft:diorite":13,"minecraft:cobblestone_wall":4,"minecraft:bee_nest":1,"minecraft:yellow_bed":6,"minecraft:coal_ore":68,"minecraft:gravel":20,"minecraft:acacia_door":2,"minecraft:gold_ore":12},"minecraft:used":{"minecraft:nether_brick_fence":109,"minecraft:iron_shovel":2083,"minecraft:oak_sign":6,"minecraft:smooth_quartz_slab":1,"minecraft:dispenser":1,"minecraft:dead_tube_coral_fan":3,"minecraft:ladder":8,"minecraft:shield":222,"minecraft:chest":116,"minecraft:stone":750,"minecraft:iron_sword":891,"minecraft:zombie_spawn_egg":3,"minecraft:iron_chestplate":4,"minecraft:soul_sand":11,"minecraft:obsidian":79,"minecraft:glass":114,"minecraft:lava_bucket":82,"minecraft:villager_spawn_egg":9,"minecraft:grass_block":338,"minecraft:crimson_roots":1,"minecraft:repeater":38,"minecraft:warped_fungus":7,"minecraft:hay_block":1,"minecraft:oak_sapling":23,"minecraft:furnace":6,"minecraft:potato":7,"minecraft:fire_coral_fan":9,"minecraft:dead_brain_coral_fan":6,"minecraft:lime_glazed_terracotta":1,"minecraft:golden_boots":2,"minecraft:diorite":11,"minecraft:leather_leggings":2,"minecraft:stone_pickaxe":120,"minecraft:oak_planks":9,"minecraft:blackstone":9,"minecraft:ender_pearl":3,"minecraft:leather_chestplate":3,"minecraft:wooden_pickaxe":10,"minecraft:sugar_cane":344,"minecraft:oak_leaves":200,"minecraft:sand":5,"minecraft:blast_furnace":5,"minecraft:crossbow":21,"minecraft:note_block":28,"minecraft:black_bed":1,"minecraft:shears":135,"minecraft:lightning_rod":5,"minecraft:redstone_torch":1,"minecraft:sticky_piston":13,"minecraft:lever":11,"minecraft:acacia_door":2,"minecraft:warped_slab":107,"minecraft:stone_button":4,"minecraft:string":7,"minecraft:bread":242,"minecraft:lectern":1,"minecraft:gravel":2,"minecraft:golden_helmet":1,"minecraft:wooden_sword":31,"minecraft:smithing_table":4,"minecraft:smooth_stone_slab":134,"minecraft:ice":1,"minecraft:oak_boat":15,"minecraft:oak_trapdoor":21,"minecraft:stone_sword":135,"minecraft:flint_and_steel":30,"minecraft:tropical_fish":12,"minecraft:redstone":27,"minecraft:cooked_salmon":10,"minecraft:netherrack":2142,"minecraft:oak_door":1,"minecraft:torch":403,"minecraft:dirt":1764,"minecraft:anvil":3,"minecraft:hopper":35,"minecraft:cobblestone_wall":55,"minecraft:stone_stairs":21,"minecraft:dead_tube_coral":2,"minecraft:oak_fence_gate":1,"minecraft:wooden_axe":1,"minecraft:iron_axe":37,"minecraft:slime_block":75,"minecraft:warped_fence":4,"minecraft:iron_boots":2,"minecraft:basalt":8,"minecraft:tripwire_hook":4,"minecraft:minecart":5,"minecraft:cooked_beef":3,"minecraft:cobbled_deepslate":14,"minecraft:observer":102,"minecraft:wheat_seeds":125,"minecraft:cooked_mutton":4,"minecraft:water_bucket":285,"minecraft:lead":2,"minecraft:stonecutter":1,"minecraft:polished_blackstone_bricks":28,"minecraft:gilded_blackstone":1,"minecraft:tnt":212,"minecraft:crafting_table":12,"minecraft:white_bed":15,"minecraft:fire_coral":1,"minecraft:oak_log":1,"minecraft:piston":21,"minecraft:ender_eye":1,"minecraft:diamond_pickaxe":3420,"minecraft:apple":26,"minecraft:warped_trapdoor":7,"minecraft:cracked_polished_blackstone_bricks":6,"minecraft:oak_button":2,"minecraft:iron_pickaxe":384,"minecraft:detector_rail":6,"minecraft:leather_helmet":1,"minecraft:cobblestone":342,"minecraft:potion":1,"minecraft:cooked_porkchop":12,"minecraft:warped_fence_gate":1,"minecraft:bucket":113,"minecraft:yellow_bed":8,"minecraft:dandelion":2,"minecraft:smooth_stone":349},"minecraft:picked_up":{"minecraft:wooden_axe":2,"minecraft:iron_chestplate":4,"minecraft:wheat":123,"minecraft:potion":2,"minecraft:enchanted_book":1,"minecraft:nether_brick":15,"minecraft:gilded_blackstone":1,"minecraft:string":19,"minecraft:raw_copper":43,"minecraft:smooth_stone_slab":1,"minecraft:oak_sign":1,"minecraft:cobbled_deepslate":106,"minecraft:gold_nugget":400,"minecraft:smooth_stone":24,"minecraft:redstone_torch":1,"minecraft:ender_eye":1,"minecraft:iron_pickaxe":3,"minecraft:iron_boots":3,"minecraft:stick":35,"minecraft:torch":373,"minecraft:porkchop":16,"minecraft:lightning_rod":9,"minecraft:diorite":45,"minecraft:stone_sword":4,"minecraft:rotten_flesh":85,"minecraft:blaze_rod":28,"minecraft:obsidian":15,"minecraft:cobblestone":3740,"minecraft:birch_log":9,"minecraft:leather_chestplate":5,"minecraft:repeater":10,"minecraft:water_bucket":4,"minecraft:potato":21,"minecraft:flint":8,"minecraft:tuff":21,"minecraft:lapis_lazuli":81,"minecraft:dirt":3211,"minecraft:leather_boots":2,"minecraft:bone":69,"minecraft:acacia_planks":162,"minecraft:bow":3,"minecraft:wheat_seeds":507,"minecraft:raw_gold":38,"minecraft:glowstone_dust":169,"minecraft:oak_planks":18,"minecraft:lime_glazed_terracotta":1,"minecraft:cooked_porkchop":11,"minecraft:sand":65,"minecraft:warped_fence_gate":1,"minecraft:spectral_arrow":38,"minecraft:diamond":54,"minecraft:slime_block":5,"minecraft:lever":2,"minecraft:cracked_polished_blackstone_bricks":19,"minecraft:crossbow":2,"minecraft:bread":138,"minecraft:oak_sapling":76,"minecraft:netherrack":3543,"minecraft:crimson_roots":11,"minecraft:oak_leaves":135,"minecraft:diamond_pickaxe":1,"minecraft:crafting_table":3,"minecraft:azure_bluet":4,"minecraft:nether_wart":22,"minecraft:ladder":4,"minecraft:leather_leggings":3,"minecraft:wooden_pickaxe":6,"minecraft:gold_block":39,"minecraft:shield":3,"minecraft:cornflower":2,"minecraft:wooden_sword":6,"minecraft:acacia_door":11,"minecraft:blackstone":115,"minecraft:detector_rail":1,"minecraft:beef":3,"minecraft:oak_boat":12,"minecraft:observer":1,"minecraft:iron_nugget":30,"minecraft:minecart":1,"minecraft:sugar_cane":798,"minecraft:chest":1,"minecraft:birch_sapling":3,"minecraft:raw_iron":108,"minecraft:oak_door":1,"minecraft:copper_ingot":1,"minecraft:fire_charge":2,"minecraft:polished_blackstone_bricks":53,"minecraft:stone_button":3,"minecraft:carrot":196,"minecraft:redstone":158,"minecraft:tnt":5,"minecraft:arrow":62,"minecraft:stone_shovel":3,"minecraft:nether_bricks":2,"minecraft:hay_block":22,"minecraft:gold_ingot":10,"minecraft:mutton":20,"minecraft:white_wool":37,"minecraft:oxeye_daisy":7,"minecraft:basalt":9,"minecraft:tripwire_hook":2,"minecraft:crimson_stem":4,"minecraft:leather":14,"minecraft:birch_planks":1,"minecraft:oak_log":105,"minecraft:ancient_debris":24,"minecraft:gunpowder":10,"minecraft:yellow_bed":6,"minecraft:cobblestone_wall":4,"minecraft:cooked_mutton":4,"minecraft:apple":17,"minecraft:stone_pickaxe":4,"minecraft:iron_ingot":1,"minecraft:soul_sand":27,"minecraft:iron_sword":5,"minecraft:warped_fungus":10,"minecraft:quartz":139,"minecraft:dandelion":15,"minecraft:gravel":116,"minecraft:white_bed":9,"minecraft:crying_obsidian":4,"minecraft:spider_eye":7,"minecraft:warped_roots":2,"minecraft:oak_button":1,"minecraft:coal":83,"minecraft:black_wool":8,"minecraft:warped_nylium":4,"minecraft:smooth_quartz_slab":1,"minecraft:ender_pearl":13}},"DataVersion":3953}