{"stats":{"minecraft:custom":{"minecraft:mob_kills":70,"minecraft:inspect_hopper":1,"minecraft:interact_with_crafting_table":73,"minecraft:bell_ring":26,"minecraft:leave_game":34,"minecraft:time_since_death":281954,"minecraft:climb_one_cm":1024,"minecraft:sprint_one_cm":2011743,"minecraft:walk_one_cm":1357117,"minecraft:damage_blocked_by_shield":1365,"minecraft:drop":27,"minecraft:talked_to_villager":35,"minecraft:play_time":447834,"minecraft:deaths":20,"minecraft:sneak_time":16736,"minecraft:walk_under_water_one_cm":77586,"minecraft:boat_one_cm":179075,"minecraft:jump":2947,"minecraft:interact_with_blast_furnace":10,"minecraft:walk_on_water_one_cm":109756,"minecraft:total_world_time":447834,"minecraft:interact_with_furnace":137,"minecraft:traded_with_villager":3,"minecraft:interact_with_stonecutter":2,"minecraft:sleep_in_bed":26,"minecraft:time_since_rest":6052,"minecraft:damage_taken":8557,"minecraft:damage_dealt":13415,"minecraft:swim_one_cm":266511,"minecraft:fly_one_cm":650637,"minecraft:open_chest":70,"minecraft:crouch_one_cm":40713,"minecraft:fall_one_cm":82339},"minecraft:crafted":{"minecraft:wooden_sword":1,"minecraft:smooth_stone":114,"minecraft:oak_planks":128,"minecraft:oak_sign":6,"minecraft:iron_nugget":9,"minecraft:furnace":8,"minecraft:blast_furnace":2,"minecraft:stone":202,"minecraft:cooked_mutton":4,"minecraft:glass":64,"minecraft:hopper":3,"minecraft:iron_boots":1,"minecraft:iron_axe":1,"minecraft:chest":10,"minecraft:wheat":189,"minecraft:cooked_beef":3,"minecraft:emerald":3,"minecraft:crafting_table":8,"minecraft:wooden_pickaxe":1,"minecraft:iron_helmet":1,"minecraft:iron_sword":1,"minecraft:bucket":1,"minecraft:birch_planks":12,"minecraft:bread":96,"minecraft:air":0,"minecraft:oak_boat":2,"minecraft:paper":276,"minecraft:iron_chestplate":1,"minecraft:diamond_pickaxe":1,"minecraft:shield":1,"minecraft:stick":36,"minecraft:iron_ingot":70,"minecraft:iron_pickaxe":2,"minecraft:stone_sword":1,"minecraft:iron_leggings":1,"minecraft:acacia_door":3,"minecraft:iron_shovel":9,"minecraft:gold_ingot":35,"minecraft:black_bed":1,"minecraft:stonecutter":1,"minecraft:white_bed":6,"minecraft:acacia_planks":80,"minecraft:shears":1},"minecraft:killed_by":{"minecraft:creeper":3,"minecraft:skeleton":2,"minecraft:zombie":13},"minecraft:dropped":{"minecraft:wheat_seeds":34,"minecraft:oak_log":32,"minecraft:apple":8,"minecraft:coal":10,"minecraft:dirt":72,"minecraft:cornflower":1,"minecraft:wooden_sword":1,"minecraft:string":2,"minecraft:birch_log":2,"minecraft:birch_sapling":1,"minecraft:carrot":320,"minecraft:diamond_pickaxe":1},"minecraft:broken":{"minecraft:iron_shovel":8,"minecraft:stone_pickaxe":1,"minecraft:iron_pickaxe":1},"minecraft:killed":{"minecraft:witch":1,"minecraft:spider":5,"minecraft:skeleton":23,"minecraft:drowned":2,"minecraft:zombie_villager":1,"minecraft:bat":1,"minecraft:creeper":4,"minecraft:sheep":3,"minecraft:zombie":26,"minecraft:cow":1},"minecraft:mined":{"minecraft:tuff":20,"minecraft:white_bed":8,"minecraft:deepslate_diamond_ore":54,"minecraft:obsidian":14,"minecraft:grass_block":1201,"minecraft:oak_wall_sign":1,"minecraft:smooth_stone":17,"minecraft:hay_block":19,"minecraft:iron_ore":69,"minecraft:cobbled_deepslate":4,"minecraft:fire":11,"minecraft:potatoes":7,"minecraft:deepslate_iron_ore":4,"minecraft:dirt_path":1,"minecraft:stone":319,"minecraft:deepslate_redstone_ore":30,"minecraft:dandelion":2,"minecraft:crafting_table":1,"minecraft:torch":2,"minecraft:short_grass":266,"minecraft:chest":1,"minecraft:lightning_rod":4,"minecraft:tall_grass":53,"minecraft:copper_ore":11,"minecraft:cobblestone":42,"minecraft:lapis_ore":7,"minecraft:deepslate_gold_ore":24,"minecraft:sugar_cane":412,"minecraft:oak_planks":4,"minecraft:diorite":13,"minecraft:wall_torch":2,"minecraft:cobblestone_wall":4,"minecraft:birch_log":3,"minecraft:wheat":100,"minecraft:bee_nest":1,"minecraft:yellow_bed":6,"minecraft:oak_log":32,"minecraft:coal_ore":68,"minecraft:acacia_door":2,"minecraft:sand":65,"minecraft:dirt":854,"minecraft:gold_ore":12,"minecraft:oak_leaves":147,"minecraft:deepslate":104},"minecraft:used":{"minecraft:stone_sword":38,"minecraft:iron_shovel":2083,"minecraft:oak_sign":5,"minecraft:chest":12,"minecraft:shield":41,"minecraft:iron_sword":216,"minecraft:iron_chestplate":2,"minecraft:torch":15,"minecraft:dirt":1102,"minecraft:hopper":3,"minecraft:cobblestone_wall":52,"minecraft:glass":32,"minecraft:wooden_axe":1,"minecraft:lava_bucket":1,"minecraft:iron_axe":32,"minecraft:iron_boots":2,"minecraft:hay_block":1,"minecraft:oak_sapling":23,"minecraft:furnace":6,"minecraft:potato":7,"minecraft:cooked_beef":3,"minecraft:cobbled_deepslate":14,"minecraft:wheat_seeds":101,"minecraft:cooked_mutton":4,"minecraft:water_bucket":109,"minecraft:diorite":11,"minecraft:leather_leggings":2,"minecraft:stone_pickaxe":120,"minecraft:oak_planks":6,"minecraft:wooden_pickaxe":10,"minecraft:leather_chestplate":3,"minecraft:stonecutter":1,"minecraft:sugar_cane":338,"minecraft:oak_leaves":13,"minecraft:sand":1,"minecraft:crafting_table":9,"minecraft:blast_furnace":2,"minecraft:white_bed":15,"minecraft:black_bed":1,"minecraft:shears":135,"minecraft:lightning_rod":5,"minecraft:diamond_pickaxe":326,"minecraft:apple":26,"minecraft:acacia_door":2,"minecraft:bread":87,"minecraft:iron_pickaxe":384,"minecraft:lectern":1,"minecraft:leather_helmet":1,"minecraft:wooden_sword":31,"minecraft:cobblestone":51,"minecraft:bucket":111,"minecraft:yellow_bed":6,"minecraft:oak_boat":11,"minecraft:dandelion":2,"minecraft:smooth_stone":78},"minecraft:picked_up":{"minecraft:wooden_axe":2,"minecraft:crafting_table":1,"minecraft:iron_chestplate":4,"minecraft:wheat":99,"minecraft:azure_bluet":3,"minecraft:leather_leggings":3,"minecraft:wooden_pickaxe":6,"minecraft:shield":3,"minecraft:cornflower":2,"minecraft:string":12,"minecraft:raw_copper":43,"minecraft:acacia_door":11,"minecraft:wooden_sword":6,"minecraft:oak_sign":1,"minecraft:smooth_stone":15,"minecraft:cobbled_deepslate":106,"minecraft:beef":3,"minecraft:oak_boat":11,"minecraft:iron_pickaxe":3,"minecraft:sugar_cane":600,"minecraft:chest":1,"minecraft:birch_sapling":3,"minecraft:iron_boots":3,"minecraft:stick":34,"minecraft:raw_iron":108,"minecraft:copper_ingot":1,"minecraft:torch":346,"minecraft:lightning_rod":9,"minecraft:diorite":45,"minecraft:redstone":142,"minecraft:rotten_flesh":75,"minecraft:stone_shovel":3,"minecraft:stone_sword":2,"minecraft:arrow":38,"minecraft:hay_block":22,"minecraft:obsidian":14,"minecraft:mutton":20,"minecraft:cobblestone":2887,"minecraft:white_wool":37,"minecraft:oxeye_daisy":7,"minecraft:birch_log":9,"minecraft:leather_chestplate":5,"minecraft:water_bucket":4,"minecraft:leather":6,"minecraft:potato":21,"minecraft:birch_planks":1,"minecraft:tuff":21,"minecraft:oak_log":104,"minecraft:cobblestone_wall":3,"minecraft:yellow_bed":6,"minecraft:gunpowder":6,"minecraft:lapis_lazuli":81,"minecraft:dirt":2993,"minecraft:leather_boots":2,"minecraft:cooked_mutton":4,"minecraft:bone":38,"minecraft:acacia_planks":162,"minecraft:apple":17,"minecraft:bow":2,"minecraft:wheat_seeds":424,"minecraft:iron_ingot":1,"minecraft:raw_gold":38,"minecraft:stone_pickaxe":4,"minecraft:iron_sword":3,"minecraft:oak_planks":18,"minecraft:dandelion":14,"minecraft:sand":65,"minecraft:white_bed":9,"minecraft:spider_eye":7,"minecraft:diamond":54,"minecraft:bread":138,"minecraft:oak_sapling":76,"minecraft:black_wool":8,"minecraft:coal":78,"minecraft:oak_leaves":135,"minecraft:ender_pearl":1,"minecraft:diamond_pickaxe":1}},"DataVersion":3953}