{"stats":{"minecraft:dropped":{"minecraft:wheat_seeds":34,"minecraft:oak_log":32,"minecraft:birch_sapling":1,"minecraft:apple":8,"minecraft:coal":10,"minecraft:dirt":72,"minecraft:cornflower":1,"minecraft:wooden_sword":1,"minecraft:string":2,"minecraft:birch_log":2},"minecraft:used":{"minecraft:cooked_mutton":4,"minecraft:diorite":1,"minecraft:leather_leggings":2,"minecraft:stone_sword":38,"minecraft:stone_pickaxe":120,"minecraft:oak_planks":6,"minecraft:shield":8,"minecraft:leather_chestplate":3,"minecraft:wooden_pickaxe":10,"minecraft:iron_sword":58,"minecraft:sugar_cane":6,"minecraft:iron_chestplate":2,"minecraft:torch":8,"minecraft:dirt":33,"minecraft:sand":1,"minecraft:crafting_table":7,"minecraft:white_bed":2,"minecraft:lightning_rod":5,"minecraft:wooden_axe":1,"minecraft:apple":26,"minecraft:acacia_door":2,"minecraft:bread":26,"minecraft:iron_pickaxe":5,"minecraft:leather_helmet":1,"minecraft:iron_boots":2,"minecraft:wooden_sword":31,"minecraft:cobblestone":10,"minecraft:hay_block":1,"minecraft:oak_sapling":23,"minecraft:furnace":2,"minecraft:bucket":1,"minecraft:oak_boat":1,"minecraft:cooked_beef":3},"minecraft:mined":{"minecraft:deepslate_diamond_ore":1,"minecraft:crafting_table":1,"minecraft:short_grass":121,"minecraft:lightning_rod":4,"minecraft:tall_grass":31,"minecraft:lapis_ore":2,"minecraft:deepslate_gold_ore":1,"minecraft:oak_planks":3,"minecraft:sugar_cane":4,"minecraft:diorite":7,"minecraft:wall_torch":1,"minecraft:hay_block":11,"minecraft:birch_log":3,"minecraft:iron_ore":42,"minecraft:fire":11,"minecraft:coal_ore":20,"minecraft:oak_log":5,"minecraft:deepslate_iron_ore":1,"minecraft:sand":1,"minecraft:acacia_door":2,"minecraft:dirt":14,"minecraft:stone":39,"minecraft:oak_leaves":3},"minecraft:crafted":{"minecraft:cooked_beef":3,"minecraft:wooden_sword":1,"minecraft:oak_planks":20,"minecraft:crafting_table":6,"minecraft:wooden_pickaxe":1,"minecraft:iron_sword":1,"minecraft:furnace":2,"minecraft:bucket":1,"minecraft:birch_planks":12,"minecraft:bread":39,"minecraft:cooked_mutton":4,"minecraft:air":0,"minecraft:iron_boots":1,"minecraft:iron_chestplate":1,"minecraft:shield":1,"minecraft:stick":8,"minecraft:iron_ingot":21,"minecraft:iron_pickaxe":1,"minecraft:stone_sword":1,"minecraft:acacia_door":3,"minecraft:white_bed":1,"minecraft:acacia_planks":80,"minecraft:wheat":117},"minecraft:picked_up":{"minecraft:wooden_axe":2,"minecraft:birch_log":9,"minecraft:crafting_table":1,"minecraft:iron_chestplate":4,"minecraft:leather_chestplate":5,"minecraft:azure_bluet":1,"minecraft:water_bucket":4,"minecraft:leather_leggings":3,"minecraft:leather":6,"minecraft:wooden_pickaxe":6,"minecraft:birch_planks":1,"minecraft:oak_log":77,"minecraft:shield":3,"minecraft:cornflower":2,"minecraft:lapis_lazuli":45,"minecraft:dirt":293,"minecraft:string":9,"minecraft:wooden_sword":6,"minecraft:acacia_door":11,"minecraft:cooked_mutton":4,"minecraft:leather_boots":2,"minecraft:bone":10,"minecraft:acacia_planks":162,"minecraft:apple":17,"minecraft:bow":2,"minecraft:wheat_seeds":74,"minecraft:raw_gold":4,"minecraft:beef":3,"minecraft:stone_pickaxe":4,"minecraft:oak_boat":2,"minecraft:iron_pickaxe":3,"minecraft:sugar_cane":6,"minecraft:iron_sword":3,"minecraft:birch_sapling":3,"minecraft:oak_planks":17,"minecraft:iron_boots":3,"minecraft:stick":28,"minecraft:raw_iron":78,"minecraft:copper_ingot":1,"minecraft:torch":343,"minecraft:sand":1,"minecraft:lightning_rod":9,"minecraft:diorite":37,"minecraft:white_bed":1,"minecraft:spider_eye":4,"minecraft:stone_sword":2,"minecraft:arrow":10,"minecraft:rotten_flesh":68,"minecraft:stone_shovel":3,"minecraft:diamond":3,"minecraft:hay_block":14,"minecraft:bread":138,"minecraft:oak_sapling":65,"minecraft:mutton":20,"minecraft:coal":30,"minecraft:white_wool":15,"minecraft:cobblestone":75,"minecraft:oxeye_daisy":4},"minecraft:broken":{"minecraft:stone_pickaxe":1},"minecraft:killed":{"minecraft:zombie_villager":1,"minecraft:spider":1,"minecraft:bat":1,"minecraft:skeleton":3,"minecraft:sheep":3,"minecraft:zombie":17,"minecraft:drowned":2,"minecraft:cow":1},"minecraft:custom":{"minecraft:interact_with_furnace":12,"minecraft:mob_kills":29,"minecraft:interact_with_crafting_table":24,"minecraft:bell_ring":2,"minecraft:leave_game":29,"minecraft:time_since_death":1985,"minecraft:sleep_in_bed":6,"minecraft:climb_one_cm":1024,"minecraft:time_since_rest":2104,"minecraft:sprint_one_cm":431650,"minecraft:damage_taken":7503,"minecraft:walk_one_cm":418776,"minecraft:damage_blocked_by_shield":345,"minecraft:drop":19,"minecraft:damage_dealt":5470,"minecraft:swim_one_cm":204712,"minecraft:talked_to_villager":18,"minecraft:fly_one_cm":648223,"minecraft:open_chest":5,"minecraft:crouch_one_cm":6342,"minecraft:deaths":20,"minecraft:play_time":167865,"minecraft:sneak_time":2758,"minecraft:walk_under_water_one_cm":39028,"minecraft:boat_one_cm":82291,"minecraft:jump":2947,"minecraft:walk_on_water_one_cm":38552,"minecraft:total_world_time":167865,"minecraft:fall_one_cm":82339},"minecraft:killed_by":{"minecraft:skeleton":2,"minecraft:creeper":3,"minecraft:zombie":13}},"DataVersion":3953}