{"stats":{"minecraft:crafted":{"minecraft:wooden_sword":1,"minecraft:oak_door":3,"minecraft:oak_planks":208,"minecraft:birch_boat":3,"minecraft:furnace":3,"minecraft:iron_boots":1,"minecraft:stone_pickaxe":4,"minecraft:birch_door":3,"minecraft:crafting_table":10,"minecraft:spruce_planks":20,"minecraft:wooden_pickaxe":3,"minecraft:iron_sword":1,"minecraft:birch_planks":112,"minecraft:air":0,"minecraft:iron_chestplate":1,"minecraft:diamond_pickaxe":1,"minecraft:shield":1,"minecraft:stick":52,"minecraft:iron_ingot":19,"minecraft:iron_pickaxe":1,"minecraft:wooden_axe":2,"minecraft:stone_sword":3,"minecraft:iron_leggings":1,"minecraft:white_bed":3,"minecraft:torch":88},"minecraft:killed":{"minecraft:spider":2,"minecraft:skeleton":2,"minecraft:pig":3,"minecraft:salmon":4,"minecraft:sheep":15,"minecraft:zombie":4},"minecraft:custom":{"minecraft:mob_kills":31,"minecraft:interact_with_crafting_table":49,"minecraft:leave_game":10,"minecraft:time_since_death":41207,"minecraft:sprint_one_cm":302520,"minecraft:walk_one_cm":836039,"minecraft:damage_blocked_by_shield":1455,"minecraft:drop":9,"minecraft:play_time":195116,"minecraft:deaths":5,"minecraft:sneak_time":4476,"minecraft:walk_under_water_one_cm":49154,"minecraft:boat_one_cm":487388,"minecraft:jump":3005,"minecraft:walk_on_water_one_cm":40891,"minecraft:total_world_time":195116,"minecraft:interact_with_furnace":23,"minecraft:sleep_in_bed":9,"minecraft:time_since_rest":15811,"minecraft:damage_taken":1771,"minecraft:damage_dealt":3867,"minecraft:swim_one_cm":76988,"minecraft:player_kills":1,"minecraft:fly_one_cm":277711,"minecraft:open_chest":25,"minecraft:crouch_one_cm":7857,"minecraft:fall_one_cm":46682},"minecraft:dropped":{"minecraft:brown_mushroom":1,"minecraft:cobblestone":9,"minecraft:stick":4,"minecraft:cornflower":1,"minecraft:wooden_axe":2,"minecraft:oak_planks":1,"minecraft:wooden_pickaxe":1,"minecraft:stone_pickaxe":1},"minecraft:picked_up":{"minecraft:wooden_axe":2,"minecraft:birch_door":4,"minecraft:iron_chestplate":2,"minecraft:crafting_table":8,"minecraft:chicken":1,"minecraft:clay_ball":8,"minecraft:golden_pickaxe":1,"minecraft:brown_mushroom":5,"minecraft:wooden_pickaxe":2,"minecraft:golden_shovel":1,"minecraft:shield":2,"minecraft:cornflower":3,"minecraft:string":4,"minecraft:moss_carpet":4,"minecraft:raw_copper":2,"minecraft:wooden_sword":1,"minecraft:gold_nugget":24,"minecraft:cobbled_deepslate":21,"minecraft:light_gray_wool":1,"minecraft:iron_pickaxe":1,"minecraft:sugar_cane":4,"minecraft:furnace":1,"minecraft:stick":7,"minecraft:raw_iron":55,"minecraft:oak_door":4,"minecraft:torch":15,"minecraft:porkchop":4,"minecraft:pointed_dripstone":13,"minecraft:diorite":1,"minecraft:golden_chestplate":2,"minecraft:stone_sword":2,"minecraft:arrow":4,"minecraft:rotten_flesh":2,"minecraft:glow_berries":10,"minecraft:mutton":26,"minecraft:white_wool":17,"minecraft:cobblestone":102,"minecraft:birch_log":28,"minecraft:feather":1,"minecraft:salmon":3,"minecraft:andesite":1,"minecraft:birch_planks":24,"minecraft:tuff":2,"minecraft:oak_log":70,"minecraft:dirt":29,"minecraft:bone":5,"minecraft:apple":1,"minecraft:bow":1,"minecraft:wheat_seeds":5,"minecraft:raw_gold":35,"minecraft:stone_pickaxe":5,"minecraft:iron_ingot":8,"minecraft:moss_block":15,"minecraft:oak_planks":445,"minecraft:flowering_azalea":2,"minecraft:pumpkin":4,"minecraft:birch_boat":1,"minecraft:sweet_berries":31,"minecraft:dripstone_block":4,"minecraft:white_bed":5,"minecraft:spruce_log":5,"minecraft:jungle_slab":1,"minecraft:diamond":15,"minecraft:iron_helmet":1,"minecraft:golden_apple":1,"minecraft:oak_sapling":11,"minecraft:black_wool":3,"minecraft:coal":144},"minecraft:killed_by":{"minecraft:zombie_villager":1,"minecraft:creeper":1,"minecraft:skeleton":2},"minecraft:mined":{"minecraft:tuff":3,"minecraft:white_bed":5,"minecraft:deepslate_diamond_ore":14,"minecraft:oak_door":1,"minecraft:jungle_slab":1,"minecraft:grass_block":5,"minecraft:moss_block":9,"minecraft:tall_seagrass":1,"minecraft:furnace":1,"minecraft:iron_ore":26,"minecraft:andesite":1,"minecraft:moss_carpet":1,"minecraft:pointed_dripstone":3,"minecraft:deepslate_iron_ore":33,"minecraft:stone":86,"minecraft:podzol":1,"minecraft:brown_mushroom":2,"minecraft:clay":1,"minecraft:crafting_table":5,"minecraft:tall_grass":1,"minecraft:deepslate_gold_ore":22,"minecraft:oak_planks":4,"minecraft:diorite":1,"minecraft:seagrass":1,"minecraft:birch_log":28,"minecraft:spruce_log":5,"minecraft:birch_leaves":4,"minecraft:birch_door":1,"minecraft:grass":8,"minecraft:oak_log":10,"minecraft:coal_ore":96,"minecraft:dripstone_block":4,"minecraft:dirt":5,"minecraft:gold_ore":2,"minecraft:oak_leaves":2,"minecraft:deepslate":18,"minecraft:fern":2},"minecraft:used":{"minecraft:stone_sword":79,"minecraft:shield":25,"minecraft:iron_sword":18,"minecraft:rotten_flesh":2,"minecraft:iron_chestplate":1,"minecraft:oak_door":4,"minecraft:torch":40,"minecraft:dirt":12,"minecraft:mutton":26,"minecraft:jungle_slab":1,"minecraft:tuff":1,"minecraft:birch_door":1,"minecraft:wooden_axe":11,"minecraft:iron_helmet":1,"minecraft:iron_boots":1,"minecraft:sweet_berries":20,"minecraft:oak_sapling":1,"minecraft:furnace":4,"minecraft:iron_leggings":1,"minecraft:diorite":1,"minecraft:birch_planks":3,"minecraft:stone_pickaxe":186,"minecraft:oak_planks":121,"minecraft:birch_boat":3,"minecraft:wooden_pickaxe":9,"minecraft:white_wool":1,"minecraft:salmon":3,"minecraft:glow_berries":9,"minecraft:crafting_table":14,"minecraft:white_bed":8,"minecraft:dripstone_block":3,"minecraft:apple":1,"minecraft:iron_pickaxe":130,"minecraft:wooden_sword":12,"minecraft:cobblestone":32,"minecraft:porkchop":4}},"DataVersion":3578}