{"stats":{"minecraft:mined":{"minecraft:oak_log":2,"minecraft:birch_log":5,"minecraft:oak_leaves":5},"minecraft:crafted":{"minecraft:oak_planks":8,"minecraft:stick":4,"minecraft:wooden_pickaxe":1,"minecraft:wooden_axe":1},"minecraft:picked_up":{"minecraft:birch_log":5,"minecraft:oak_log":2,"minecraft:oak_sapling":1},"minecraft:custom":{"minecraft:time_since_rest":5024,"minecraft:crouch_one_cm":337,"minecraft:play_time":5024,"minecraft:sprint_one_cm":7917,"minecraft:damage_taken":90,"minecraft:walk_one_cm":5110,"minecraft:sneak_time":85,"minecraft:walk_under_water_one_cm":928,"minecraft:jump":54,"minecraft:damage_dealt":10,"minecraft:time_since_death":5024,"minecraft:walk_on_water_one_cm":304,"minecraft:total_world_time":5024,"minecraft:interact_with_crafting_table":2,"minecraft:fall_one_cm":1521,"minecraft:fly_one_cm":10840},"minecraft:used":{"minecraft:wooden_axe":5}},"DataVersion":3953}