{"stats":{"minecraft:mined":{"minecraft:dark_oak_leaves":7,"minecraft:snow_block":168,"minecraft:dark_oak_log":206,"minecraft:glow_lichen":1,"minecraft:crafting_table":6,"minecraft:short_grass":19,"minecraft:grass_block":5,"minecraft:campfire":1,"minecraft:mushroom_stem":20,"minecraft:brown_mushroom_block":45,"minecraft:copper_ore":4,"minecraft:spruce_leaves":5,"minecraft:furnace":5,"minecraft:birch_log":84,"minecraft:iron_ore":14,"minecraft:snow":93,"minecraft:birch_leaves":51,"minecraft:bee_nest":1,"minecraft:oak_log":72,"minecraft:coal_ore":25,"minecraft:dirt":1,"minecraft:red_mushroom_block":167,"minecraft:stone":20,"minecraft:oak_leaves":15},"minecraft:crafted":{"minecraft:oak_planks":8,"minecraft:stone_shovel":2,"minecraft:cooked_porkchop":3,"minecraft:crafting_table":1,"minecraft:wooden_pickaxe":1,"minecraft:cooked_chicken":5,"minecraft:iron_sword":1,"minecraft:furnace":1,"minecraft:cooked_salmon":1,"minecraft:birch_planks":32,"minecraft:campfire":1,"minecraft:stone_axe":2,"minecraft:air":0,"minecraft:charcoal":4,"minecraft:shield":1,"minecraft:iron_axe":2,"minecraft:stick":16,"minecraft:iron_ingot":14,"minecraft:iron_pickaxe":1,"minecraft:stone_pickaxe":1,"minecraft:wooden_axe":1,"minecraft:snow_block":189,"minecraft:iron_shovel":1},"minecraft:picked_up":{"minecraft:wooden_axe":1,"minecraft:birch_log":90,"minecraft:charcoal":4,"minecraft:crafting_table":6,"minecraft:feather":10,"minecraft:chicken":9,"minecraft:salmon":1,"minecraft:leather":1,"minecraft:brown_mushroom":6,"minecraft:wooden_pickaxe":1,"minecraft:red_mushroom":41,"minecraft:oak_log":69,"minecraft:dirt":57,"minecraft:raw_copper":13,"minecraft:bone":2,"minecraft:bow":1,"minecraft:wheat_seeds":1,"minecraft:beef":2,"minecraft:birch_sapling":10,"minecraft:furnace":5,"minecraft:stick":14,"minecraft:raw_iron":14,"minecraft:porkchop":12,"minecraft:spruce_sapling":1,"minecraft:carrot":1,"minecraft:dark_oak_log":204,"minecraft:spider_eye":1,"minecraft:arrow":5,"minecraft:rotten_flesh":8,"minecraft:oak_sapling":3,"minecraft:mutton":9,"minecraft:coal":25,"minecraft:snowball":759,"minecraft:white_wool":5,"minecraft:cobblestone":20},"minecraft:dropped":{"minecraft:wooden_axe":1,"minecraft:bow":1,"minecraft:wooden_pickaxe":1},"minecraft:broken":{"minecraft:iron_axe":1,"minecraft:stone_axe":2,"minecraft:stone_shovel":2},"minecraft:custom":{"minecraft:interact_with_furnace":24,"minecraft:mob_kills":37,"minecraft:interact_with_crafting_table":12,"minecraft:time_since_death":55387,"minecraft:time_since_rest":55457,"minecraft:sprint_one_cm":178514,"minecraft:damage_taken":1447,"minecraft:walk_one_cm":224695,"minecraft:damage_blocked_by_shield":828,"minecraft:drop":3,"minecraft:damage_dealt":4528,"minecraft:swim_one_cm":794,"minecraft:fly_one_cm":166412,"minecraft:crouch_one_cm":1066,"minecraft:play_time":71024,"minecraft:deaths":2,"minecraft:sneak_time":475,"minecraft:walk_under_water_one_cm":11869,"minecraft:jump":1294,"minecraft:walk_on_water_one_cm":7432,"minecraft:total_world_time":71024,"minecraft:fall_one_cm":22463},"minecraft:killed":{"minecraft:pig":5,"minecraft:salmon":3,"minecraft:spider":1,"minecraft:skeleton":3,"minecraft:sheep":5,"minecraft:bee":2,"minecraft:zombie":7,"minecraft:chicken":9,"minecraft:cow":1},"minecraft:killed_by":{"minecraft:player":1,"minecraft:creeper":1},"minecraft:used":{"minecraft:stone_shovel":262,"minecraft:stone_pickaxe":73,"minecraft:shield":29,"minecraft:wooden_pickaxe":6,"minecraft:iron_sword":38,"minecraft:cooked_salmon":1,"minecraft:cooked_chicken":5,"minecraft:rotten_flesh":4,"minecraft:dirt":20,"minecraft:crafting_table":7,"minecraft:campfire":1,"minecraft:snowball":3,"minecraft:wooden_axe":6,"minecraft:iron_axe":464,"minecraft:chicken":1,"minecraft:stone_axe":228,"minecraft:cooked_porkchop":3,"minecraft:oak_sapling":1,"minecraft:furnace":6,"minecraft:porkchop":7,"minecraft:birch_log":9}},"DataVersion":3953}