{"stats":{"minecraft:mined":{"minecraft:iron_ore":12,"minecraft:birch_log":19,"minecraft:birch_leaves":5,"minecraft:crafting_table":1,"minecraft:short_grass":2,"minecraft:coal_ore":3,"minecraft:grass_block":5,"minecraft:oak_log":67,"minecraft:stone":16,"minecraft:oak_leaves":14},"minecraft:crafted":{"minecraft:oak_planks":8,"minecraft:crafting_table":1,"minecraft:stick":8,"minecraft:wooden_pickaxe":1,"minecraft:stone_pickaxe":1,"minecraft:wooden_axe":1,"minecraft:birch_planks":20,"minecraft:stone_axe":2},"minecraft:picked_up":{"minecraft:birch_log":19,"minecraft:crafting_table":1,"minecraft:stick":2,"minecraft:raw_iron":12,"minecraft:feather":5,"minecraft:chicken":4,"minecraft:salmon":1,"minecraft:porkchop":6,"minecraft:oak_log":66,"minecraft:dirt":20,"minecraft:rotten_flesh":4,"minecraft:oak_sapling":3,"minecraft:birch_sapling":1,"minecraft:coal":3,"minecraft:cobblestone":16},"minecraft:broken":{"minecraft:stone_axe":1},"minecraft:custom":{"minecraft:time_since_rest":7457,"minecraft:sprint_one_cm":75159,"minecraft:damage_taken":915,"minecraft:walk_one_cm":56022,"minecraft:mob_kills":12,"minecraft:damage_dealt":1109,"minecraft:swim_one_cm":794,"minecraft:interact_with_crafting_table":4,"minecraft:fly_one_cm":66532,"minecraft:crouch_one_cm":711,"minecraft:play_time":23024,"minecraft:deaths":2,"minecraft:sneak_time":202,"minecraft:walk_under_water_one_cm":4898,"minecraft:jump":500,"minecraft:walk_on_water_one_cm":3681,"minecraft:time_since_death":7387,"minecraft:total_world_time":23024,"minecraft:fall_one_cm":8630},"minecraft:killed":{"minecraft:zombie":2,"minecraft:pig":3,"minecraft:chicken":4,"minecraft:salmon":3},"minecraft:killed_by":{"minecraft:player":1,"minecraft:creeper":1},"minecraft:used":{"minecraft:wooden_axe":6,"minecraft:stone_pickaxe":31,"minecraft:chicken":1,"minecraft:wooden_pickaxe":6,"minecraft:rotten_flesh":4,"minecraft:stone_axe":114,"minecraft:dirt":20,"minecraft:crafting_table":1,"minecraft:oak_sapling":1,"minecraft:porkchop":6}},"DataVersion":3953}