{"stats":{"minecraft:mined":{"minecraft:snow_block":168,"minecraft:glow_lichen":1,"minecraft:crafting_table":6,"minecraft:short_grass":16,"minecraft:grass_block":5,"minecraft:campfire":1,"minecraft:mushroom_stem":8,"minecraft:copper_ore":4,"minecraft:spruce_leaves":5,"minecraft:furnace":5,"minecraft:birch_log":84,"minecraft:iron_ore":14,"minecraft:snow":93,"minecraft:birch_leaves":51,"minecraft:bee_nest":1,"minecraft:oak_log":67,"minecraft:coal_ore":25,"minecraft:dirt":1,"minecraft:red_mushroom_block":79,"minecraft:stone":20,"minecraft:oak_leaves":14},"minecraft:crafted":{"minecraft:oak_planks":8,"minecraft:stone_shovel":2,"minecraft:cooked_porkchop":3,"minecraft:crafting_table":1,"minecraft:wooden_pickaxe":1,"minecraft:cooked_chicken":3,"minecraft:iron_sword":1,"minecraft:furnace":1,"minecraft:cooked_salmon":1,"minecraft:birch_planks":32,"minecraft:campfire":1,"minecraft:stone_axe":2,"minecraft:air":0,"minecraft:charcoal":4,"minecraft:shield":1,"minecraft:iron_axe":1,"minecraft:stick":16,"minecraft:iron_ingot":14,"minecraft:iron_pickaxe":1,"minecraft:stone_pickaxe":1,"minecraft:wooden_axe":1,"minecraft:snow_block":189,"minecraft:iron_shovel":1},"minecraft:picked_up":{"minecraft:wooden_axe":1,"minecraft:birch_log":90,"minecraft:charcoal":4,"minecraft:crafting_table":6,"minecraft:feather":10,"minecraft:chicken":9,"minecraft:salmon":1,"minecraft:wooden_pickaxe":1,"minecraft:red_mushroom":9,"minecraft:oak_log":66,"minecraft:dirt":21,"minecraft:raw_copper":13,"minecraft:bone":1,"minecraft:bow":1,"minecraft:wheat_seeds":1,"minecraft:birch_sapling":10,"minecraft:furnace":5,"minecraft:stick":10,"minecraft:raw_iron":14,"minecraft:porkchop":12,"minecraft:spruce_sapling":1,"minecraft:arrow":3,"minecraft:rotten_flesh":5,"minecraft:oak_sapling":3,"minecraft:mutton":7,"minecraft:coal":25,"minecraft:snowball":759,"minecraft:white_wool":4,"minecraft:cobblestone":20},"minecraft:dropped":{"minecraft:wooden_axe":1,"minecraft:wooden_pickaxe":1},"minecraft:broken":{"minecraft:stone_axe":2,"minecraft:stone_shovel":2},"minecraft:custom":{"minecraft:interact_with_furnace":21,"minecraft:mob_kills":28,"minecraft:interact_with_crafting_table":11,"minecraft:time_since_death":43387,"minecraft:time_since_rest":43457,"minecraft:sprint_one_cm":158453,"minecraft:damage_taken":1240,"minecraft:walk_one_cm":186248,"minecraft:damage_blocked_by_shield":335,"minecraft:drop":2,"minecraft:damage_dealt":2890,"minecraft:swim_one_cm":794,"minecraft:fly_one_cm":139355,"minecraft:crouch_one_cm":1066,"minecraft:play_time":59024,"minecraft:deaths":2,"minecraft:sneak_time":475,"minecraft:walk_under_water_one_cm":10027,"minecraft:jump":1075,"minecraft:walk_on_water_one_cm":4855,"minecraft:total_world_time":59024,"minecraft:fall_one_cm":20315},"minecraft:killed":{"minecraft:pig":5,"minecraft:salmon":3,"minecraft:skeleton":1,"minecraft:sheep":4,"minecraft:bee":2,"minecraft:zombie":3,"minecraft:chicken":9},"minecraft:killed_by":{"minecraft:player":1,"minecraft:creeper":1},"minecraft:used":{"minecraft:stone_shovel":262,"minecraft:stone_pickaxe":73,"minecraft:shield":14,"minecraft:wooden_pickaxe":6,"minecraft:iron_sword":13,"minecraft:cooked_salmon":1,"minecraft:cooked_chicken":3,"minecraft:rotten_flesh":4,"minecraft:dirt":20,"minecraft:crafting_table":6,"minecraft:campfire":1,"minecraft:snowball":3,"minecraft:wooden_axe":6,"minecraft:iron_axe":92,"minecraft:chicken":1,"minecraft:stone_axe":228,"minecraft:cooked_porkchop":3,"minecraft:oak_sapling":1,"minecraft:furnace":5,"minecraft:porkchop":6,"minecraft:birch_log":9}},"DataVersion":3953}