{"stats":{"minecraft:mined":{"minecraft:furnace":2,"minecraft:iron_ore":14,"minecraft:birch_log":19,"minecraft:snow_block":168,"minecraft:snow":93,"minecraft:birch_leaves":5,"minecraft:crafting_table":4,"minecraft:short_grass":6,"minecraft:coal_ore":3,"minecraft:grass_block":5,"minecraft:oak_log":67,"minecraft:dirt":1,"minecraft:stone":19,"minecraft:oak_leaves":14},"minecraft:crafted":{"minecraft:oak_planks":8,"minecraft:charcoal":4,"minecraft:stone_shovel":2,"minecraft:crafting_table":1,"minecraft:stick":16,"minecraft:cooked_chicken":3,"minecraft:wooden_pickaxe":1,"minecraft:stone_pickaxe":1,"minecraft:wooden_axe":1,"minecraft:snow_block":189,"minecraft:furnace":1,"minecraft:birch_planks":32,"minecraft:campfire":1,"minecraft:stone_axe":2,"minecraft:air":0},"minecraft:picked_up":{"minecraft:wooden_axe":1,"minecraft:birch_log":24,"minecraft:charcoal":2,"minecraft:crafting_table":4,"minecraft:stick":2,"minecraft:raw_iron":14,"minecraft:feather":5,"minecraft:chicken":4,"minecraft:salmon":1,"minecraft:wooden_pickaxe":1,"minecraft:porkchop":6,"minecraft:oak_log":66,"minecraft:dirt":21,"minecraft:rotten_flesh":4,"minecraft:oak_sapling":3,"minecraft:birch_sapling":1,"minecraft:coal":3,"minecraft:snowball":759,"minecraft:cobblestone":19,"minecraft:furnace":2},"minecraft:dropped":{"minecraft:wooden_axe":1,"minecraft:wooden_pickaxe":1},"minecraft:broken":{"minecraft:stone_shovel":2,"minecraft:stone_axe":1},"minecraft:custom":{"minecraft:time_since_rest":19457,"minecraft:interact_with_furnace":6,"minecraft:sprint_one_cm":91090,"minecraft:damage_taken":915,"minecraft:walk_one_cm":98835,"minecraft:mob_kills":12,"minecraft:drop":2,"minecraft:damage_dealt":1109,"minecraft:swim_one_cm":794,"minecraft:interact_with_crafting_table":9,"minecraft:fly_one_cm":81169,"minecraft:crouch_one_cm":768,"minecraft:play_time":35024,"minecraft:deaths":2,"minecraft:sneak_time":262,"minecraft:walk_under_water_one_cm":4898,"minecraft:jump":590,"minecraft:walk_on_water_one_cm":3681,"minecraft:time_since_death":19387,"minecraft:total_world_time":35024,"minecraft:fall_one_cm":10151},"minecraft:killed":{"minecraft:zombie":2,"minecraft:pig":3,"minecraft:chicken":4,"minecraft:salmon":3},"minecraft:killed_by":{"minecraft:player":1,"minecraft:creeper":1},"minecraft:used":{"minecraft:wooden_axe":6,"minecraft:stone_shovel":262,"minecraft:stone_pickaxe":38,"minecraft:chicken":1,"minecraft:wooden_pickaxe":6,"minecraft:cooked_chicken":1,"minecraft:rotten_flesh":4,"minecraft:stone_axe":117,"minecraft:dirt":20,"minecraft:crafting_table":5,"minecraft:furnace":2,"minecraft:oak_sapling":1,"minecraft:porkchop":6}},"DataVersion":3953}