{"stats":{"minecraft:crafted":{"minecraft:oak_planks":200,"minecraft:cooked_porkchop":2,"minecraft:crafting_table":3,"minecraft:baked_potato":14,"minecraft:furnace":1,"minecraft:bread":11,"minecraft:air":0,"minecraft:iron_axe":2,"minecraft:stick":12,"minecraft:iron_pickaxe":1,"minecraft:chest":2,"minecraft:iron_shovel":2},"minecraft:dropped":{"minecraft:iron_axe":1},"minecraft:used":{"minecraft:wheat_seeds":34,"minecraft:iron_shovel":326,"minecraft:oak_planks":72,"minecraft:baked_potato":14,"minecraft:chest":2,"minecraft:dirt":174,"minecraft:crafting_table":3,"minecraft:oak_log":17,"minecraft:diamond_shovel":3191,"minecraft:iron_axe":161,"minecraft:bread":11,"minecraft:iron_pickaxe":131,"minecraft:cobblestone":810,"minecraft:oak_sapling":5,"minecraft:furnace":1,"minecraft:cooked_porkchop":2,"minecraft:potato":19},"minecraft:killed":{"minecraft:pig":3,"minecraft:sheep":1,"minecraft:skeleton":1},"minecraft:picked_up":{"minecraft:crafting_table":1,"minecraft:wheat":33,"minecraft:potato":33,"minecraft:oak_log":115,"minecraft:gunpowder":1,"minecraft:dirt":3418,"minecraft:iron_axe":1,"minecraft:bone":2,"minecraft:kelp":62,"minecraft:wheat_seeds":152,"minecraft:oak_planks":4,"minecraft:furnace":1,"minecraft:stick":3,"minecraft:porkchop":11,"minecraft:spruce_sapling":2,"minecraft:spruce_log":12,"minecraft:arrow":2,"minecraft:oak_sapling":5,"minecraft:mutton":1,"minecraft:coal":6,"minecraft:white_wool":1,"minecraft:cobblestone":120},"minecraft:custom":{"minecraft:interact_with_furnace":13,"minecraft:mob_kills":6,"minecraft:interact_with_crafting_table":13,"minecraft:interact_with_stonecutter":1,"minecraft:time_since_death":119868,"minecraft:sleep_in_bed":7,"minecraft:climb_one_cm":6365,"minecraft:time_since_rest":21327,"minecraft:sprint_one_cm":273392,"minecraft:damage_taken":843,"minecraft:walk_one_cm":697764,"minecraft:drop":1,"minecraft:damage_dealt":465,"minecraft:swim_one_cm":33869,"minecraft:fly_one_cm":650054,"minecraft:open_chest":33,"minecraft:crouch_one_cm":3382,"minecraft:play_time":119868,"minecraft:sneak_time":952,"minecraft:walk_under_water_one_cm":7206,"minecraft:jump":2542,"minecraft:walk_on_water_one_cm":10586,"minecraft:total_world_time":119868,"minecraft:fall_one_cm":59293},"minecraft:mined":{"minecraft:kelp_plant":9,"minecraft:crafting_table":1,"minecraft:short_grass":77,"minecraft:grass_block":2291,"minecraft:cobblestone":97,"minecraft:spruce_leaves":48,"minecraft:oak_planks":4,"minecraft:large_fern":1,"minecraft:furnace":1,"minecraft:wheat":34,"minecraft:spruce_log":12,"minecraft:birch_leaves":1,"minecraft:oak_log":115,"minecraft:potatoes":13,"minecraft:coal_ore":6,"minecraft:dirt":1131,"minecraft:stone":27,"minecraft:oak_leaves":37},"minecraft:broken":{"minecraft:iron_shovel":1,"minecraft:diamond_shovel":2}},"DataVersion":3953}