{"stats":{"minecraft:dropped":{"minecraft:rotten_flesh":1,"minecraft:iron_axe":1},"minecraft:broken":{"minecraft:iron_shovel":1,"minecraft:diamond_shovel":2},"minecraft:custom":{"minecraft:interact_with_furnace":19,"minecraft:mob_kills":13,"minecraft:interact_with_crafting_table":13,"minecraft:interact_with_stonecutter":1,"minecraft:leave_game":2,"minecraft:time_since_death":134433,"minecraft:sleep_in_bed":7,"minecraft:climb_one_cm":6365,"minecraft:time_since_rest":35892,"minecraft:sprint_one_cm":320895,"minecraft:damage_taken":993,"minecraft:walk_one_cm":736900,"minecraft:drop":2,"minecraft:damage_dealt":1044,"minecraft:swim_one_cm":33869,"minecraft:fly_one_cm":752734,"minecraft:open_chest":36,"minecraft:crouch_one_cm":3386,"minecraft:play_time":134433,"minecraft:sneak_time":1040,"minecraft:walk_under_water_one_cm":7206,"minecraft:jump":2988,"minecraft:walk_on_water_one_cm":10586,"minecraft:total_world_time":134433,"minecraft:fall_one_cm":67512},"minecraft:crafted":{"minecraft:oak_planks":200,"minecraft:cooked_porkchop":8,"minecraft:crafting_table":3,"minecraft:baked_potato":14,"minecraft:furnace":1,"minecraft:bread":11,"minecraft:air":0,"minecraft:iron_axe":2,"minecraft:stick":12,"minecraft:iron_pickaxe":1,"minecraft:chest":2,"minecraft:iron_shovel":2},"minecraft:killed":{"minecraft:pig":3,"minecraft:zombie_villager":1,"minecraft:sheep":1,"minecraft:skeleton":1},"minecraft:picked_up":{"minecraft:crafting_table":1,"minecraft:wheat":33,"minecraft:potato":33,"minecraft:gold_block":2,"minecraft:oak_log":115,"minecraft:gunpowder":1,"minecraft:dirt":3429,"minecraft:iron_axe":1,"minecraft:bone":2,"minecraft:kelp":62,"minecraft:wheat_seeds":152,"minecraft:oak_planks":4,"minecraft:furnace":2,"minecraft:stick":3,"minecraft:porkchop":24,"minecraft:spruce_sapling":3,"minecraft:spruce_log":12,"minecraft:arrow":2,"minecraft:rotten_flesh":1,"minecraft:oak_sapling":5,"minecraft:mutton":1,"minecraft:coal":6,"minecraft:snowball":16,"minecraft:white_wool":1,"minecraft:cobblestone":120},"minecraft:used":{"minecraft:wheat_seeds":34,"minecraft:iron_shovel":326,"minecraft:baked_potato":14,"minecraft:oak_planks":72,"minecraft:chest":2,"minecraft:dirt":201,"minecraft:crafting_table":3,"minecraft:oak_log":17,"minecraft:diamond_shovel":3191,"minecraft:iron_axe":169,"minecraft:bread":11,"minecraft:iron_pickaxe":134,"minecraft:spruce_sapling":3,"minecraft:cobblestone":810,"minecraft:oak_sapling":5,"minecraft:furnace":2,"minecraft:cooked_porkchop":6,"minecraft:potato":19},"minecraft:mined":{"minecraft:kelp_plant":9,"minecraft:powder_snow":4,"minecraft:crafting_table":1,"minecraft:short_grass":77,"minecraft:grass_block":2291,"minecraft:cobblestone":97,"minecraft:spruce_leaves":48,"minecraft:oak_planks":4,"minecraft:large_fern":1,"minecraft:furnace":2,"minecraft:wheat":34,"minecraft:spruce_log":12,"minecraft:birch_leaves":1,"minecraft:gold_block":2,"minecraft:coal_ore":6,"minecraft:potatoes":13,"minecraft:oak_log":115,"minecraft:dirt":1131,"minecraft:stone":27,"minecraft:oak_leaves":37}},"DataVersion":3953}