{"stats":{"minecraft:crafted":{"minecraft:oak_planks":200,"minecraft:iron_axe":2,"minecraft:crafting_table":2,"minecraft:stick":12,"minecraft:baked_potato":14,"minecraft:iron_pickaxe":1,"minecraft:chest":2,"minecraft:iron_shovel":2,"minecraft:air":0,"minecraft:bread":11},"minecraft:dropped":{"minecraft:iron_axe":1},"minecraft:used":{"minecraft:oak_log":17,"minecraft:wheat_seeds":34,"minecraft:diamond_shovel":3191,"minecraft:iron_shovel":326,"minecraft:iron_axe":132,"minecraft:bread":11,"minecraft:baked_potato":14,"minecraft:oak_planks":72,"minecraft:iron_pickaxe":126,"minecraft:chest":2,"minecraft:dirt":174,"minecraft:cobblestone":810,"minecraft:crafting_table":2,"minecraft:oak_sapling":5,"minecraft:potato":19},"minecraft:killed":{"minecraft:skeleton":1},"minecraft:picked_up":{"minecraft:stick":1,"minecraft:wheat":33,"minecraft:potato":33,"minecraft:oak_log":115,"minecraft:gunpowder":1,"minecraft:dirt":3418,"minecraft:iron_axe":1,"minecraft:bone":2,"minecraft:arrow":2,"minecraft:kelp":62,"minecraft:wheat_seeds":152,"minecraft:oak_sapling":5,"minecraft:coal":3,"minecraft:oak_planks":4,"minecraft:cobblestone":119},"minecraft:custom":{"minecraft:time_since_rest":9327,"minecraft:interact_with_furnace":11,"minecraft:sprint_one_cm":221025,"minecraft:damage_taken":753,"minecraft:walk_one_cm":668348,"minecraft:mob_kills":1,"minecraft:drop":1,"minecraft:damage_dealt":75,"minecraft:swim_one_cm":24491,"minecraft:interact_with_crafting_table":11,"minecraft:fly_one_cm":561105,"minecraft:open_chest":33,"minecraft:crouch_one_cm":3150,"minecraft:play_time":107868,"minecraft:sneak_time":862,"minecraft:walk_under_water_one_cm":7176,"minecraft:jump":2054,"minecraft:interact_with_stonecutter":1,"minecraft:walk_on_water_one_cm":9693,"minecraft:time_since_death":107868,"minecraft:sleep_in_bed":7,"minecraft:climb_one_cm":6365,"minecraft:total_world_time":107868,"minecraft:fall_one_cm":45134},"minecraft:mined":{"minecraft:kelp_plant":9,"minecraft:wheat":34,"minecraft:birch_leaves":1,"minecraft:short_grass":77,"minecraft:coal_ore":3,"minecraft:grass_block":2291,"minecraft:potatoes":13,"minecraft:oak_log":115,"minecraft:dirt":1131,"minecraft:cobblestone":97,"minecraft:oak_planks":4,"minecraft:stone":26,"minecraft:oak_leaves":33},"minecraft:broken":{"minecraft:iron_shovel":1,"minecraft:diamond_shovel":2}},"DataVersion":3953}