{"stats":{"minecraft:dropped":{"minecraft:cobblestone_wall":1,"minecraft:rotten_flesh":1,"minecraft:iron_axe":1},"minecraft:broken":{"minecraft:stone_pickaxe":2,"minecraft:iron_shovel":1,"minecraft:diamond_shovel":2,"minecraft:iron_axe":1,"minecraft:iron_pickaxe":1,"minecraft:golden_shovel":1},"minecraft:custom":{"minecraft:interact_with_furnace":48,"minecraft:mob_kills":26,"minecraft:interact_with_crafting_table":44,"minecraft:bell_ring":1,"minecraft:interact_with_stonecutter":2,"minecraft:leave_game":5,"minecraft:time_since_death":16745,"minecraft:sleep_in_bed":16,"minecraft:climb_one_cm":12810,"minecraft:time_since_rest":12525,"minecraft:sprint_one_cm":609735,"minecraft:damage_taken":3398,"minecraft:walk_one_cm":1339283,"minecraft:drop":3,"minecraft:damage_dealt":3736,"minecraft:swim_one_cm":41031,"minecraft:fly_one_cm":1370523,"minecraft:open_chest":54,"minecraft:crouch_one_cm":19203,"minecraft:play_time":265343,"minecraft:deaths":2,"minecraft:sneak_time":4888,"minecraft:walk_under_water_one_cm":17263,"minecraft:jump":5325,"minecraft:walk_on_water_one_cm":29389,"minecraft:total_world_time":265343,"minecraft:fall_one_cm":123870},"minecraft:crafted":{"minecraft:oak_slab":576,"minecraft:oak_planks":608,"minecraft:cobblestone_slab":384,"minecraft:cooked_porkchop":17,"minecraft:crafting_table":3,"minecraft:spruce_planks":320,"minecraft:spruce_button":32,"minecraft:dried_kelp":56,"minecraft:baked_potato":14,"minecraft:furnace":5,"minecraft:stone":64,"minecraft:bread":44,"minecraft:air":0,"minecraft:spruce_stairs":128,"minecraft:iron_axe":2,"minecraft:spruce_slab":192,"minecraft:stick":16,"minecraft:iron_pickaxe":1,"minecraft:stone_pickaxe":4,"minecraft:cobblestone_wall":12,"minecraft:chest":2,"minecraft:iron_shovel":2,"minecraft:dried_kelp_block":6,"minecraft:stone_bricks":64},"minecraft:killed":{"minecraft:pig":3,"minecraft:zombie_villager":1,"minecraft:spider":1,"minecraft:sheep":1,"minecraft:skeleton":7,"minecraft:zombie":4,"minecraft:enderman":1},"minecraft:killed_by":{"minecraft:skeleton":1,"minecraft:creeper":1},"minecraft:picked_up":{"minecraft:crafting_table":2,"minecraft:wheat":134,"minecraft:potato":52,"minecraft:gold_block":2,"minecraft:oak_log":156,"minecraft:cobblestone_wall":5,"minecraft:cobblestone_stairs":19,"minecraft:gunpowder":1,"minecraft:dirt":3486,"minecraft:iron_axe":1,"minecraft:bone":8,"minecraft:stone_bricks":16,"minecraft:kelp":62,"minecraft:bow":3,"minecraft:wheat_seeds":427,"minecraft:cobblestone_slab":20,"minecraft:spruce_slab":7,"minecraft:oak_planks":74,"minecraft:furnace":2,"minecraft:oak_slab":42,"minecraft:stick":8,"minecraft:chiseled_stone_bricks":2,"minecraft:torch":3,"minecraft:spruce_stairs":6,"minecraft:porkchop":24,"minecraft:spruce_sapling":15,"minecraft:grass_block":2,"minecraft:spruce_log":80,"minecraft:spider_eye":1,"minecraft:arrow":8,"minecraft:rotten_flesh":5,"minecraft:oak_sapling":5,"minecraft:mutton":1,"minecraft:coal":6,"minecraft:snowball":16,"minecraft:white_wool":1,"minecraft:cobblestone":432},"minecraft:used":{"minecraft:wheat_seeds":123,"minecraft:iron_shovel":352,"minecraft:spruce_slab":127,"minecraft:stone_pickaxe":265,"minecraft:oak_planks":311,"minecraft:baked_potato":14,"minecraft:chest":2,"minecraft:cobblestone_slab":322,"minecraft:rotten_flesh":2,"minecraft:torch":2,"minecraft:dirt":237,"minecraft:oak_slab":476,"minecraft:crafting_table":4,"minecraft:cobblestone_wall":12,"minecraft:spruce_stairs":134,"minecraft:golden_shovel":32,"minecraft:oak_log":17,"minecraft:diamond_shovel":3191,"minecraft:iron_axe":417,"minecraft:bread":44,"minecraft:iron_pickaxe":250,"minecraft:spruce_sapling":15,"minecraft:stone_bricks":16,"minecraft:chiseled_stone_bricks":58,"minecraft:golden_sword":1,"minecraft:bow":6,"minecraft:cobblestone":1127,"minecraft:furnace":7,"minecraft:oak_sapling":5,"minecraft:cooked_porkchop":13,"minecraft:potato":38},"minecraft:mined":{"minecraft:oak_slab":22,"minecraft:kelp_plant":9,"minecraft:cobblestone_stairs":19,"minecraft:powder_snow":4,"minecraft:crafting_table":1,"minecraft:short_grass":86,"minecraft:grass_block":2335,"minecraft:cobblestone":367,"minecraft:tall_grass":3,"minecraft:spruce_leaves":76,"minecraft:oak_planks":66,"minecraft:wall_torch":2,"minecraft:chiseled_stone_bricks":2,"minecraft:large_fern":1,"minecraft:spruce_stairs":8,"minecraft:furnace":2,"minecraft:cobblestone_wall":4,"minecraft:wheat":135,"minecraft:spruce_log":81,"minecraft:birch_leaves":1,"minecraft:gold_block":2,"minecraft:oak_log":154,"minecraft:potatoes":20,"minecraft:coal_ore":6,"minecraft:cobblestone_slab":17,"minecraft:dirt":1135,"minecraft:stone_bricks":16,"minecraft:stone":73,"minecraft:spruce_slab":4,"minecraft:oak_leaves":42}},"DataVersion":3953}