{"stats":{"minecraft:crafted":{"minecraft:oak_planks":200,"minecraft:iron_axe":2,"minecraft:crafting_table":2,"minecraft:stick":8,"minecraft:iron_pickaxe":1,"minecraft:chest":2,"minecraft:iron_shovel":1,"minecraft:bread":11},"minecraft:dropped":{"minecraft:iron_axe":1},"minecraft:used":{"minecraft:wheat_seeds":34,"minecraft:diamond_shovel":3190,"minecraft:iron_shovel":218,"minecraft:iron_axe":130,"minecraft:bread":11,"minecraft:oak_planks":3,"minecraft:iron_pickaxe":33,"minecraft:chest":2,"minecraft:dirt":104,"minecraft:cobblestone":48,"minecraft:crafting_table":2,"minecraft:oak_sapling":5,"minecraft:potato":11},"minecraft:killed":{"minecraft:skeleton":1},"minecraft:picked_up":{"minecraft:stick":1,"minecraft:wheat":33,"minecraft:potato":12,"minecraft:oak_log":114,"minecraft:gunpowder":1,"minecraft:dirt":3298,"minecraft:iron_axe":1,"minecraft:bone":2,"minecraft:arrow":2,"minecraft:wheat_seeds":152,"minecraft:oak_sapling":5,"minecraft:oak_planks":3,"minecraft:cobblestone":33},"minecraft:custom":{"minecraft:time_since_rest":8201,"minecraft:interact_with_furnace":4,"minecraft:sprint_one_cm":130563,"minecraft:damage_taken":263,"minecraft:walk_one_cm":490075,"minecraft:mob_kills":1,"minecraft:drop":1,"minecraft:damage_dealt":75,"minecraft:swim_one_cm":6947,"minecraft:interact_with_crafting_table":10,"minecraft:fly_one_cm":350086,"minecraft:open_chest":27,"minecraft:crouch_one_cm":507,"minecraft:play_time":71868,"minecraft:sneak_time":171,"minecraft:walk_under_water_one_cm":5002,"minecraft:jump":1215,"minecraft:walk_on_water_one_cm":6310,"minecraft:time_since_death":71868,"minecraft:sleep_in_bed":4,"minecraft:climb_one_cm":4190,"minecraft:total_world_time":71868,"minecraft:fall_one_cm":25444},"minecraft:mined":{"minecraft:wheat":34,"minecraft:birch_leaves":1,"minecraft:short_grass":76,"minecraft:grass_block":2238,"minecraft:potatoes":6,"minecraft:oak_log":114,"minecraft:dirt":1073,"minecraft:cobblestone":20,"minecraft:oak_planks":3,"minecraft:stone":13,"minecraft:oak_leaves":33},"minecraft:broken":{"minecraft:diamond_shovel":1}},"DataVersion":3953}