{"stats":{"minecraft:crafted":{"minecraft:oak_planks":200,"minecraft:iron_axe":2,"minecraft:crafting_table":1,"minecraft:stick":8,"minecraft:iron_pickaxe":1,"minecraft:iron_shovel":1,"minecraft:bread":11},"minecraft:used":{"minecraft:wheat_seeds":34,"minecraft:iron_shovel":151,"minecraft:iron_axe":127,"minecraft:bread":5,"minecraft:iron_pickaxe":33,"minecraft:cobblestone":48,"minecraft:crafting_table":1,"minecraft:oak_sapling":5,"minecraft:potato":7},"minecraft:picked_up":{"minecraft:stick":1,"minecraft:wheat":33,"minecraft:potato":12,"minecraft:oak_log":114,"minecraft:dirt":150,"minecraft:wheat_seeds":104,"minecraft:oak_sapling":5,"minecraft:cobblestone":33},"minecraft:custom":{"minecraft:time_since_rest":23868,"minecraft:interact_with_furnace":4,"minecraft:sprint_one_cm":63715,"minecraft:damage_taken":90,"minecraft:walk_one_cm":68201,"minecraft:swim_one_cm":6947,"minecraft:interact_with_crafting_table":8,"minecraft:fly_one_cm":172800,"minecraft:open_chest":20,"minecraft:crouch_one_cm":297,"minecraft:play_time":23868,"minecraft:sneak_time":89,"minecraft:walk_under_water_one_cm":5002,"minecraft:jump":630,"minecraft:walk_on_water_one_cm":6310,"minecraft:time_since_death":23868,"minecraft:climb_one_cm":1144,"minecraft:total_world_time":23868,"minecraft:fall_one_cm":13504},"minecraft:mined":{"minecraft:wheat":34,"minecraft:birch_leaves":1,"minecraft:short_grass":5,"minecraft:grass_block":89,"minecraft:potatoes":6,"minecraft:oak_log":114,"minecraft:dirt":61,"minecraft:cobblestone":20,"minecraft:stone":13,"minecraft:oak_leaves":33}},"DataVersion":3953}