{"stats":{"minecraft:crafted":{"minecraft:oak_planks":200,"minecraft:iron_axe":2,"minecraft:crafting_table":2,"minecraft:stick":8,"minecraft:iron_pickaxe":1,"minecraft:chest":2,"minecraft:iron_shovel":1,"minecraft:bread":11},"minecraft:dropped":{"minecraft:iron_axe":1},"minecraft:used":{"minecraft:wheat_seeds":34,"minecraft:diamond_shovel":767,"minecraft:iron_shovel":194,"minecraft:iron_axe":130,"minecraft:bread":8,"minecraft:oak_planks":3,"minecraft:iron_pickaxe":33,"minecraft:chest":2,"minecraft:dirt":20,"minecraft:cobblestone":48,"minecraft:crafting_table":2,"minecraft:oak_sapling":5,"minecraft:potato":7},"minecraft:killed":{"minecraft:skeleton":1},"minecraft:picked_up":{"minecraft:stick":1,"minecraft:wheat":33,"minecraft:potato":12,"minecraft:oak_log":114,"minecraft:dirt":932,"minecraft:iron_axe":1,"minecraft:bone":1,"minecraft:arrow":2,"minecraft:wheat_seeds":123,"minecraft:oak_sapling":5,"minecraft:oak_planks":3,"minecraft:cobblestone":33},"minecraft:custom":{"minecraft:time_since_rest":11518,"minecraft:interact_with_furnace":4,"minecraft:sprint_one_cm":81677,"minecraft:damage_taken":163,"minecraft:walk_one_cm":163676,"minecraft:mob_kills":1,"minecraft:drop":1,"minecraft:damage_dealt":75,"minecraft:swim_one_cm":6947,"minecraft:interact_with_crafting_table":10,"minecraft:fly_one_cm":212551,"minecraft:open_chest":22,"minecraft:crouch_one_cm":297,"minecraft:play_time":35868,"minecraft:sneak_time":89,"minecraft:walk_under_water_one_cm":5002,"minecraft:jump":760,"minecraft:walk_on_water_one_cm":6310,"minecraft:time_since_death":35868,"minecraft:sleep_in_bed":1,"minecraft:climb_one_cm":1956,"minecraft:total_world_time":35868,"minecraft:fall_one_cm":16350},"minecraft:mined":{"minecraft:wheat":34,"minecraft:birch_leaves":1,"minecraft:short_grass":18,"minecraft:grass_block":688,"minecraft:potatoes":6,"minecraft:oak_log":114,"minecraft:dirt":257,"minecraft:cobblestone":20,"minecraft:oak_planks":3,"minecraft:stone":13,"minecraft:oak_leaves":33}},"DataVersion":3953}