{"stats":{"minecraft:crafted":{"minecraft:oak_planks":200,"minecraft:iron_axe":2,"minecraft:crafting_table":2,"minecraft:stick":12,"minecraft:baked_potato":14,"minecraft:iron_pickaxe":1,"minecraft:chest":2,"minecraft:iron_shovel":2,"minecraft:air":0,"minecraft:bread":11},"minecraft:dropped":{"minecraft:iron_axe":1},"minecraft:used":{"minecraft:oak_log":5,"minecraft:wheat_seeds":34,"minecraft:diamond_shovel":3191,"minecraft:iron_shovel":309,"minecraft:iron_axe":131,"minecraft:bread":11,"minecraft:baked_potato":9,"minecraft:oak_planks":72,"minecraft:iron_pickaxe":108,"minecraft:chest":2,"minecraft:dirt":158,"minecraft:cobblestone":573,"minecraft:crafting_table":2,"minecraft:oak_sapling":5,"minecraft:potato":19},"minecraft:killed":{"minecraft:skeleton":1},"minecraft:picked_up":{"minecraft:stick":1,"minecraft:wheat":33,"minecraft:potato":33,"minecraft:oak_log":114,"minecraft:gunpowder":1,"minecraft:dirt":3401,"minecraft:iron_axe":1,"minecraft:bone":2,"minecraft:arrow":2,"minecraft:wheat_seeds":152,"minecraft:oak_sapling":5,"minecraft:oak_planks":4,"minecraft:cobblestone":104},"minecraft:custom":{"minecraft:time_since_rest":10617,"minecraft:interact_with_furnace":11,"minecraft:sprint_one_cm":197191,"minecraft:damage_taken":643,"minecraft:walk_one_cm":624638,"minecraft:mob_kills":1,"minecraft:drop":1,"minecraft:damage_dealt":75,"minecraft:swim_one_cm":6947,"minecraft:interact_with_crafting_table":11,"minecraft:fly_one_cm":497395,"minecraft:open_chest":33,"minecraft:crouch_one_cm":3029,"minecraft:play_time":95868,"minecraft:sneak_time":791,"minecraft:walk_under_water_one_cm":5002,"minecraft:jump":1776,"minecraft:interact_with_stonecutter":1,"minecraft:walk_on_water_one_cm":6432,"minecraft:time_since_death":95868,"minecraft:sleep_in_bed":6,"minecraft:climb_one_cm":5629,"minecraft:total_world_time":95868,"minecraft:fall_one_cm":38988},"minecraft:mined":{"minecraft:wheat":34,"minecraft:birch_leaves":1,"minecraft:short_grass":77,"minecraft:grass_block":2290,"minecraft:potatoes":13,"minecraft:oak_log":114,"minecraft:dirt":1115,"minecraft:cobblestone":95,"minecraft:oak_planks":4,"minecraft:stone":13,"minecraft:oak_leaves":33},"minecraft:broken":{"minecraft:iron_shovel":1,"minecraft:diamond_shovel":2}},"DataVersion":3953}