{"stats":{"minecraft:crafted":{"minecraft:oak_planks":200,"minecraft:iron_axe":2,"minecraft:crafting_table":2,"minecraft:stick":12,"minecraft:baked_potato":3,"minecraft:iron_pickaxe":1,"minecraft:chest":2,"minecraft:iron_shovel":2,"minecraft:air":0,"minecraft:bread":11},"minecraft:dropped":{"minecraft:iron_axe":1},"minecraft:used":{"minecraft:wheat_seeds":34,"minecraft:diamond_shovel":3191,"minecraft:iron_shovel":309,"minecraft:iron_axe":130,"minecraft:bread":11,"minecraft:baked_potato":3,"minecraft:oak_planks":71,"minecraft:iron_pickaxe":37,"minecraft:chest":2,"minecraft:dirt":104,"minecraft:cobblestone":400,"minecraft:crafting_table":2,"minecraft:oak_sapling":5,"minecraft:potato":19},"minecraft:killed":{"minecraft:skeleton":1},"minecraft:picked_up":{"minecraft:stick":1,"minecraft:wheat":33,"minecraft:potato":33,"minecraft:oak_log":114,"minecraft:gunpowder":1,"minecraft:dirt":3401,"minecraft:iron_axe":1,"minecraft:bone":2,"minecraft:arrow":2,"minecraft:wheat_seeds":152,"minecraft:oak_sapling":5,"minecraft:oak_planks":3,"minecraft:cobblestone":37},"minecraft:custom":{"minecraft:time_since_rest":6240,"minecraft:interact_with_furnace":10,"minecraft:sprint_one_cm":162013,"minecraft:damage_taken":403,"minecraft:walk_one_cm":574491,"minecraft:mob_kills":1,"minecraft:drop":1,"minecraft:damage_dealt":75,"minecraft:swim_one_cm":6947,"minecraft:interact_with_crafting_table":11,"minecraft:fly_one_cm":409043,"minecraft:open_chest":29,"minecraft:crouch_one_cm":1382,"minecraft:play_time":83868,"minecraft:sneak_time":421,"minecraft:walk_under_water_one_cm":5002,"minecraft:jump":1452,"minecraft:interact_with_stonecutter":1,"minecraft:walk_on_water_one_cm":6399,"minecraft:time_since_death":83868,"minecraft:sleep_in_bed":5,"minecraft:climb_one_cm":4920,"minecraft:total_world_time":83868,"minecraft:fall_one_cm":30879},"minecraft:mined":{"minecraft:wheat":34,"minecraft:birch_leaves":1,"minecraft:short_grass":77,"minecraft:grass_block":2290,"minecraft:potatoes":13,"minecraft:oak_log":114,"minecraft:dirt":1115,"minecraft:cobblestone":24,"minecraft:oak_planks":3,"minecraft:stone":13,"minecraft:oak_leaves":33},"minecraft:broken":{"minecraft:iron_shovel":1,"minecraft:diamond_shovel":2}},"DataVersion":3953}