{"stats":{"minecraft:dropped":{"minecraft:rotten_flesh":1,"minecraft:iron_axe":1},"minecraft:broken":{"minecraft:iron_shovel":1,"minecraft:diamond_shovel":2,"minecraft:golden_shovel":1},"minecraft:custom":{"minecraft:interact_with_furnace":36,"minecraft:mob_kills":13,"minecraft:interact_with_crafting_table":23,"minecraft:bell_ring":1,"minecraft:interact_with_stonecutter":1,"minecraft:leave_game":2,"minecraft:time_since_death":162756,"minecraft:sleep_in_bed":8,"minecraft:climb_one_cm":7095,"minecraft:time_since_rest":15198,"minecraft:sprint_one_cm":380673,"minecraft:damage_taken":1193,"minecraft:walk_one_cm":877764,"minecraft:drop":2,"minecraft:damage_dealt":1044,"minecraft:swim_one_cm":33869,"minecraft:fly_one_cm":908700,"minecraft:open_chest":42,"minecraft:crouch_one_cm":3386,"minecraft:play_time":162756,"minecraft:sneak_time":1040,"minecraft:walk_under_water_one_cm":11104,"minecraft:jump":3514,"minecraft:walk_on_water_one_cm":12282,"minecraft:total_world_time":162756,"minecraft:fall_one_cm":78988},"minecraft:crafted":{"minecraft:oak_slab":384,"minecraft:oak_planks":448,"minecraft:cooked_porkchop":8,"minecraft:crafting_table":3,"minecraft:dried_kelp":56,"minecraft:baked_potato":14,"minecraft:furnace":5,"minecraft:bread":44,"minecraft:air":0,"minecraft:iron_axe":2,"minecraft:stick":12,"minecraft:iron_pickaxe":1,"minecraft:chest":2,"minecraft:iron_shovel":2,"minecraft:dried_kelp_block":6},"minecraft:killed":{"minecraft:pig":3,"minecraft:zombie_villager":1,"minecraft:sheep":1,"minecraft:skeleton":1},"minecraft:picked_up":{"minecraft:crafting_table":1,"minecraft:wheat":134,"minecraft:potato":52,"minecraft:gold_block":2,"minecraft:oak_log":115,"minecraft:cobblestone_stairs":15,"minecraft:gunpowder":1,"minecraft:dirt":3474,"minecraft:iron_axe":1,"minecraft:bone":2,"minecraft:kelp":62,"minecraft:wheat_seeds":426,"minecraft:oak_planks":60,"minecraft:furnace":2,"minecraft:oak_slab":7,"minecraft:stick":5,"minecraft:torch":2,"minecraft:porkchop":24,"minecraft:spruce_sapling":9,"minecraft:spruce_log":28,"minecraft:arrow":2,"minecraft:rotten_flesh":1,"minecraft:oak_sapling":5,"minecraft:mutton":1,"minecraft:coal":6,"minecraft:snowball":16,"minecraft:white_wool":1,"minecraft:cobblestone":175},"minecraft:used":{"minecraft:wheat_seeds":123,"minecraft:iron_shovel":352,"minecraft:baked_potato":14,"minecraft:oak_planks":238,"minecraft:chest":2,"minecraft:torch":2,"minecraft:dirt":203,"minecraft:oak_slab":147,"minecraft:crafting_table":4,"minecraft:golden_shovel":32,"minecraft:oak_log":17,"minecraft:diamond_shovel":3191,"minecraft:iron_axe":244,"minecraft:bread":14,"minecraft:iron_pickaxe":206,"minecraft:spruce_sapling":9,"minecraft:cobblestone":819,"minecraft:oak_sapling":5,"minecraft:furnace":7,"minecraft:cooked_porkchop":8,"minecraft:potato":38},"minecraft:mined":{"minecraft:oak_slab":5,"minecraft:kelp_plant":9,"minecraft:cobblestone_stairs":16,"minecraft:powder_snow":4,"minecraft:crafting_table":1,"minecraft:short_grass":82,"minecraft:grass_block":2335,"minecraft:tall_grass":2,"minecraft:cobblestone":141,"minecraft:spruce_leaves":65,"minecraft:oak_planks":61,"minecraft:wall_torch":2,"minecraft:large_fern":1,"minecraft:furnace":2,"minecraft:wheat":135,"minecraft:spruce_log":28,"minecraft:birch_leaves":1,"minecraft:gold_block":2,"minecraft:oak_log":115,"minecraft:potatoes":20,"minecraft:coal_ore":6,"minecraft:dirt":1133,"minecraft:stone":39,"minecraft:oak_leaves":37}},"DataVersion":3953}