{"stats":{"minecraft:crafted":{"minecraft:oak_planks":200,"minecraft:iron_axe":2,"minecraft:crafting_table":2,"minecraft:stick":8,"minecraft:iron_pickaxe":1,"minecraft:chest":2,"minecraft:iron_shovel":1,"minecraft:bread":11},"minecraft:dropped":{"minecraft:iron_axe":1},"minecraft:used":{"minecraft:wheat_seeds":34,"minecraft:diamond_shovel":2293,"minecraft:iron_shovel":218,"minecraft:iron_axe":130,"minecraft:bread":11,"minecraft:oak_planks":3,"minecraft:iron_pickaxe":33,"minecraft:chest":2,"minecraft:dirt":97,"minecraft:cobblestone":48,"minecraft:crafting_table":2,"minecraft:oak_sapling":5,"minecraft:potato":7},"minecraft:killed":{"minecraft:skeleton":1},"minecraft:picked_up":{"minecraft:stick":1,"minecraft:wheat":33,"minecraft:potato":12,"minecraft:oak_log":114,"minecraft:dirt":2415,"minecraft:iron_axe":1,"minecraft:bone":1,"minecraft:arrow":2,"minecraft:wheat_seeds":145,"minecraft:oak_sapling":5,"minecraft:oak_planks":3,"minecraft:cobblestone":33},"minecraft:custom":{"minecraft:time_since_rest":9580,"minecraft:interact_with_furnace":4,"minecraft:sprint_one_cm":119747,"minecraft:damage_taken":263,"minecraft:walk_one_cm":373695,"minecraft:mob_kills":1,"minecraft:drop":1,"minecraft:damage_dealt":75,"minecraft:swim_one_cm":6947,"minecraft:interact_with_crafting_table":10,"minecraft:fly_one_cm":329253,"minecraft:open_chest":26,"minecraft:crouch_one_cm":507,"minecraft:play_time":59868,"minecraft:sneak_time":171,"minecraft:walk_under_water_one_cm":5002,"minecraft:jump":1132,"minecraft:walk_on_water_one_cm":6310,"minecraft:time_since_death":59868,"minecraft:sleep_in_bed":3,"minecraft:climb_one_cm":3335,"minecraft:total_world_time":59868,"minecraft:fall_one_cm":24081},"minecraft:mined":{"minecraft:wheat":34,"minecraft:birch_leaves":1,"minecraft:short_grass":55,"minecraft:grass_block":1702,"minecraft:potatoes":6,"minecraft:oak_log":114,"minecraft:dirt":733,"minecraft:cobblestone":20,"minecraft:oak_planks":3,"minecraft:stone":13,"minecraft:oak_leaves":33},"minecraft:broken":{"minecraft:diamond_shovel":1}},"DataVersion":3953}