{"stats":{"minecraft:dropped":{"minecraft:cobblestone_wall":1,"minecraft:rotten_flesh":1,"minecraft:iron_axe":1},"minecraft:broken":{"minecraft:stone_pickaxe":1,"minecraft:iron_shovel":1,"minecraft:diamond_shovel":2,"minecraft:iron_pickaxe":1,"minecraft:golden_shovel":1},"minecraft:custom":{"minecraft:interact_with_furnace":43,"minecraft:mob_kills":17,"minecraft:interact_with_crafting_table":41,"minecraft:bell_ring":1,"minecraft:interact_with_stonecutter":2,"minecraft:leave_game":4,"minecraft:time_since_death":29731,"minecraft:sleep_in_bed":14,"minecraft:climb_one_cm":11284,"minecraft:time_since_rest":3161,"minecraft:sprint_one_cm":533204,"minecraft:damage_taken":2541,"minecraft:walk_one_cm":1138521,"minecraft:drop":3,"minecraft:damage_dealt":1985,"minecraft:swim_one_cm":40301,"minecraft:fly_one_cm":1221041,"minecraft:open_chest":46,"minecraft:crouch_one_cm":11936,"minecraft:play_time":229625,"minecraft:deaths":1,"minecraft:sneak_time":3357,"minecraft:walk_under_water_one_cm":15137,"minecraft:jump":4748,"minecraft:walk_on_water_one_cm":20618,"minecraft:total_world_time":229625,"minecraft:fall_one_cm":112307},"minecraft:crafted":{"minecraft:oak_slab":576,"minecraft:oak_planks":564,"minecraft:cooked_porkchop":8,"minecraft:crafting_table":3,"minecraft:spruce_planks":224,"minecraft:dried_kelp":56,"minecraft:baked_potato":14,"minecraft:furnace":5,"minecraft:stone":64,"minecraft:bread":44,"minecraft:air":0,"minecraft:spruce_stairs":128,"minecraft:iron_axe":2,"minecraft:stick":12,"minecraft:iron_pickaxe":1,"minecraft:stone_pickaxe":2,"minecraft:cobblestone_wall":12,"minecraft:chest":2,"minecraft:iron_shovel":2,"minecraft:dried_kelp_block":6,"minecraft:stone_bricks":64},"minecraft:killed":{"minecraft:pig":3,"minecraft:zombie_villager":1,"minecraft:sheep":1,"minecraft:skeleton":2,"minecraft:zombie":2,"minecraft:enderman":1},"minecraft:killed_by":{"minecraft:creeper":1},"minecraft:picked_up":{"minecraft:crafting_table":2,"minecraft:wheat":134,"minecraft:potato":52,"minecraft:gold_block":2,"minecraft:oak_log":156,"minecraft:cobblestone_wall":4,"minecraft:cobblestone_stairs":19,"minecraft:gunpowder":1,"minecraft:dirt":3483,"minecraft:iron_axe":1,"minecraft:bone":2,"minecraft:stone_bricks":16,"minecraft:kelp":62,"minecraft:wheat_seeds":426,"minecraft:oak_planks":64,"minecraft:furnace":2,"minecraft:oak_slab":37,"minecraft:stick":6,"minecraft:chiseled_stone_bricks":1,"minecraft:torch":3,"minecraft:spruce_stairs":6,"minecraft:porkchop":24,"minecraft:spruce_sapling":13,"minecraft:grass_block":1,"minecraft:spruce_log":56,"minecraft:arrow":3,"minecraft:rotten_flesh":3,"minecraft:oak_sapling":5,"minecraft:mutton":1,"minecraft:coal":6,"minecraft:snowball":16,"minecraft:white_wool":1,"minecraft:cobblestone":375},"minecraft:used":{"minecraft:wheat_seeds":123,"minecraft:iron_shovel":352,"minecraft:stone_pickaxe":184,"minecraft:oak_planks":296,"minecraft:baked_potato":14,"minecraft:chest":2,"minecraft:torch":2,"minecraft:dirt":233,"minecraft:oak_slab":467,"minecraft:crafting_table":4,"minecraft:cobblestone_wall":12,"minecraft:spruce_stairs":134,"minecraft:golden_shovel":32,"minecraft:oak_log":17,"minecraft:diamond_shovel":3191,"minecraft:iron_axe":357,"minecraft:bread":40,"minecraft:iron_pickaxe":250,"minecraft:spruce_sapling":13,"minecraft:stone_bricks":16,"minecraft:chiseled_stone_bricks":33,"minecraft:cobblestone":876,"minecraft:furnace":7,"minecraft:oak_sapling":5,"minecraft:cooked_porkchop":8,"minecraft:potato":38},"minecraft:mined":{"minecraft:oak_slab":21,"minecraft:kelp_plant":9,"minecraft:cobblestone_stairs":19,"minecraft:powder_snow":4,"minecraft:crafting_table":1,"minecraft:short_grass":83,"minecraft:grass_block":2335,"minecraft:cobblestone":311,"minecraft:tall_grass":3,"minecraft:spruce_leaves":69,"minecraft:oak_planks":61,"minecraft:wall_torch":2,"minecraft:chiseled_stone_bricks":1,"minecraft:large_fern":1,"minecraft:spruce_stairs":8,"minecraft:furnace":2,"minecraft:cobblestone_wall":4,"minecraft:wheat":135,"minecraft:spruce_log":57,"minecraft:birch_leaves":1,"minecraft:gold_block":2,"minecraft:oak_log":154,"minecraft:potatoes":20,"minecraft:coal_ore":6,"minecraft:dirt":1134,"minecraft:stone_bricks":16,"minecraft:stone":73,"minecraft:oak_leaves":42}},"DataVersion":3953}